geometry,attributes
"{'paths': [[[514728.5, 4400021], [515690.9000000004, 4400845], [515790, 4400945], [516862, 4402061], [517288.0999999996, 4402615.5], [518075.2999999998, 4403231], [518568.0999999996, 4403685], [518852.2000000002, 4403996.5], [520130.0999999996, 4405454], [521160, 4406670.5], [521335.5, 4407438]]], 'type': 'polyline', 'spatialReference': {'wkid': 26912}}","{'objectid': 1, 'xid': 1}"
"{'paths': [[[510639.5999999996, 4405615], [511693.0999999996, 4405144], [512117.5999999996, 4404409.5], [512148, 4402486], [512017.5999999996, 4401114], [512000.0999999996, 4400985.5], [511710, 4400496.5], [511621, 4400146], [511554.5999999996, 4400014.5]]], 'type': 'polyline', 'spatialReference': {'wkid': 26912}}","{'objectid': 2, 'xid': 2}"
"{'paths': [[[510639.5, 4405657.5], [511751.2000000002, 4405153], [513097.2000000002, 4403794]]], 'type': 'polyline', 'spatialReference': {'wkid': 26912}}","{'objectid': 3, 'xid': 3}"
"{'paths': [[[513848.5, 4403037], [514591.5, 4402296.5], [515000.9000000004, 4401096], [515084.0999999996, 4400667.5], [515084.2999999998, 4400540.5], [514640.9000000004, 4400019]]], 'type': 'polyline', 'spatialReference': {'wkid': 26912}}","{'objectid': 4, 'xid': 4}"
"{'paths': [[[513097.2000000002, 4403794], [513848.5, 4403037]]], 'type': 'polyline', 'spatialReference': {'wkid': 26912}}","{'objectid': 5, 'xid': 5}"
"{'paths': [[[510639.5999999996, 4405615], [505242.2999999998, 4408093.5], [504003.7000000002, 4408105.5], [499937.2999999998, 4409203.5]]], 'type': 'polyline', 'spatialReference': {'wkid': 26912}}","{'objectid': 6, 'xid': 6}"
"{'paths': [[[510639.5, 4405657.5], [505248.2000000002, 4408124.5], [503974.2000000002, 4408246.5], [499937.2999999998, 4409263.5]]], 'type': 'polyline', 'spatialReference': {'wkid': 26912}}","{'objectid': 7, 'xid': 7}"
"{'paths': [[[547082.4000000004, 4427898], [546604.2999999998, 4427482.5], [546318.2000000002, 4426758.5], [546069.4000000004, 4426429.5], [545817.9000000004, 4425901.5], [545743, 4425793.5], [545481, 4425814], [545317.4000000004, 4425614], [545168.4000000004, 4425461.5], [544774.5999999996, 4425199.5], [544322.0999999996, 4424692.5]]], 'type': 'polyline', 'spatialReference': {'wkid': 26912}}","{'objectid': 8, 'xid': 8}"
"{'paths': [[[543947.2999999998, 4424269.5], [542647.0999999996, 4422799]]], 'type': 'polyline', 'spatialReference': {'wkid': 26912}}","{'objectid': 9, 'xid': 9}"
"{'paths': [[[544322.0999999996, 4424692.5], [543947.2999999998, 4424269.5]]], 'type': 'polyline', 'spatialReference': {'wkid': 26912}}","{'objectid': 10, 'xid': 10}"
"{'paths': [[[542647.0999999996, 4422799], [541451.4000000004, 4421458.5], [539263.5999999996, 4420128.5], [535637.0999999996, 4419389.5], [533438.4000000004, 4418567.5], [531992.7000000002, 4417490.5]]], 'type': 'polyline', 'spatialReference': {'wkid': 26912}}","{'objectid': 11, 'xid': 11}"
"{'paths': [[[531992.7000000002, 4417490.5], [529965.2999999998, 4415974], [527327.7000000002, 4415182.5], [526941.5999999996, 4415162.5], [526348.5, 4415015.5], [526142.5999999996, 4414947.5], [525509, 4414815.5], [525335.5, 4414602], [525088.4000000004, 4414149]]], 'type': 'polyline', 'spatialReference': {'wkid': 26912}}","{'objectid': 12, 'xid': 12}"
"{'paths': [[[525088.4000000004, 4414149], [524960.5999999996, 4413919.5]]], 'type': 'polyline', 'spatialReference': {'wkid': 26912}}","{'objectid': 13, 'xid': 13}"
"{'paths': [[[489276.7000000002, 4434257.5], [489458.2999999998, 4434334.5]]], 'type': 'polyline', 'spatialReference': {'wkid': 26912}}","{'objectid': 14, 'xid': 14}"
"{'paths': [[[489458.2999999998, 4434334.5], [489573.5999999996, 4434384], [490894.0999999996, 4434660]]], 'type': 'polyline', 'spatialReference': {'wkid': 26912}}","{'objectid': 15, 'xid': 15}"
"{'paths': [[[490894.0999999996, 4434660], [491069.2000000002, 4434696]]], 'type': 'polyline', 'spatialReference': {'wkid': 26912}}","{'objectid': 16, 'xid': 16}"
"{'paths': [[[491069.2000000002, 4434696], [491311.2999999998, 4434746]]], 'type': 'polyline', 'spatialReference': {'wkid': 26912}}","{'objectid': 17, 'xid': 17}"
"{'paths': [[[498461.9000000004, 4441367], [498636.2000000002, 4441625.5]]], 'type': 'polyline', 'spatialReference': {'wkid': 26912}}","{'objectid': 18, 'xid': 18}"
"{'paths': [[[491311.2999999998, 4434746], [492154.7000000002, 4434923], [493975.5999999996, 4436218], [494476, 4436521], [495447.5999999996, 4437173], [496769.7999999998, 4438476], [496948.7999999998, 4438778], [497881.2000000002, 4440505], [498461.9000000004, 4441367]]], 'type': 'polyline', 'spatialReference': {'wkid': 26912}}","{'objectid': 19, 'xid': 19}"
"{'paths': [[[626050.9000000004, 4484337.5], [626044.9000000004, 4484312.5]]], 'type': 'polyline', 'spatialReference': {'wkid': 26912}}","{'objectid': 20, 'xid': 20}"
"{'paths': [[[626050.9000000004, 4484337.5], [626077.2000000002, 4484313.5]]], 'type': 'polyline', 'spatialReference': {'wkid': 26912}}","{'objectid': 21, 'xid': 21}"
"{'paths': [[[626919.0999999996, 4491691.5], [626249.9000000004, 4491300.5], [626390.2000000002, 4488359.5], [626094.9000000004, 4487128.5], [626213.9000000004, 4486782], [626207.7000000002, 4485120.5], [626050.9000000004, 4484337.5]]], 'type': 'polyline', 'spatialReference': {'wkid': 26912}}","{'objectid': 22, 'xid': 22}"
"{'paths': [[[620766.9000000004, 4485218.5], [620920.0999999996, 4485343.5], [622453.7000000002, 4485028], [622813, 4484650.5], [623827.2000000002, 4484910.5], [625154, 4484873.5], [625803.5999999996, 4484580.5], [626050.9000000004, 4484337.5]]], 'type': 'polyline', 'spatialReference': {'wkid': 26912}}","{'objectid': 23, 'xid': 23}"
"{'paths': [[[620766.9000000004, 4485218.5], [620880.7999999998, 4485094.5], [621351.9000000004, 4484356.5], [621364.2000000002, 4484234.5]]], 'type': 'polyline', 'spatialReference': {'wkid': 26912}}","{'objectid': 24, 'xid': 24}"
"{'paths': [[[620615.7999999998, 4485126.5], [619522.9000000004, 4484205.5]]], 'type': 'polyline', 'spatialReference': {'wkid': 26912}}","{'objectid': 25, 'xid': 25}"
"{'paths': [[[620708.9000000004, 4485208], [623657.7999999998, 4487716.5], [625513.7000000002, 4491089.5], [626550.9000000004, 4492678.5], [626792.2000000002, 4494026.5], [626874.5999999996, 4494228.5]]], 'type': 'polyline', 'spatialReference': {'wkid': 26912}}","{'objectid': 26, 'xid': 26}"
"{'paths': [[[642633, 4498491.5], [642614.0999999996, 4498701], [642079.2000000002, 4500853], [641725.2999999998, 4502356], [640662.5999999996, 4507160.5], [639573.7000000002, 4511844], [639447.5999999996, 4512312.5]]], 'type': 'polyline', 'spatialReference': {'wkid': 26912}}","{'objectid': 27, 'xid': 27}"
"{'paths': [[[628620.9000000004, 4512116.5], [628535.9000000004, 4511224], [628014.9000000004, 4510980], [627993.9000000004, 4510967.5], [627999.7000000002, 4510928]]], 'type': 'polyline', 'spatialReference': {'wkid': 26912}}","{'objectid': 28, 'xid': 28}"
"{'paths': [[[629960, 4512139.5], [629988.9000000004, 4508288.5], [629548.7000000002, 4506361], [629467, 4506090.5], [628349.2000000002, 4500322.5], [629029, 4499227.5], [629055.0999999996, 4498243.5]]], 'type': 'polyline', 'spatialReference': {'wkid': 26912}}","{'objectid': 29, 'xid': 29}"
"{'paths': [[[638671.4000000004, 4515705.5], [639447.5999999996, 4512312.5]]], 'type': 'polyline', 'spatialReference': {'wkid': 26912}}","{'objectid': 30, 'xid': 30}"
"{'paths': [[[638310.4000000004, 4526173], [638891.4000000004, 4525888.5], [639290.2000000002, 4525268], [638731.7000000002, 4521070], [638244.5, 4517596.5], [638297.2000000002, 4517359.5]]], 'type': 'polyline', 'spatialReference': {'wkid': 26912}}","{'objectid': 31, 'xid': 31}"
"{'paths': [[[629951.0999999996, 4513127.5], [629960, 4512139.5]]], 'type': 'polyline', 'spatialReference': {'wkid': 26912}}","{'objectid': 32, 'xid': 32}"
"{'paths': [[[629701.2000000002, 4512713.5], [629599.7999999998, 4512546], [629433.2000000002, 4512494.5], [629268.2999999998, 4512639], [629108.2999999998, 4512651.5]]], 'type': 'polyline', 'spatialReference': {'wkid': 26912}}","{'objectid': 33, 'xid': 33}"
"{'paths': [[[629951.0999999996, 4513127.5], [629701.2000000002, 4512713.5]]], 'type': 'polyline', 'spatialReference': {'wkid': 26912}}","{'objectid': 34, 'xid': 34}"
"{'paths': [[[629108.2999999998, 4512651.5], [628688.2999999998, 4512686.5], [628620.9000000004, 4512116.5]]], 'type': 'polyline', 'spatialReference': {'wkid': 26912}}","{'objectid': 35, 'xid': 35}"
"{'paths': [[[629730.9000000004, 4517415], [629942.0999999996, 4516276.5], [629951.0999999996, 4513127.5]]], 'type': 'polyline', 'spatialReference': {'wkid': 26912}}","{'objectid': 36, 'xid': 36}"
"{'paths': [[[629663.2999999998, 4517782.5], [629730.9000000004, 4517415]]], 'type': 'polyline', 'spatialReference': {'wkid': 26912}}","{'objectid': 37, 'xid': 37}"
"{'paths': [[[629156.2000000002, 4519651.5], [629129.4000000004, 4519013], [629602.0999999996, 4518114], [629663.2999999998, 4517782.5]]], 'type': 'polyline', 'spatialReference': {'wkid': 26912}}","{'objectid': 38, 'xid': 38}"
"{'paths': [[[629520.2000000002, 4526013], [629243.2000000002, 4525521], [629167.2999999998, 4523869.5]]], 'type': 'polyline', 'spatialReference': {'wkid': 26912}}","{'objectid': 39, 'xid': 39}"
"{'paths': [[[629167.2999999998, 4523869.5], [629113.0999999996, 4522706], [629275.2000000002, 4522409], [629156.2000000002, 4519651.5]]], 'type': 'polyline', 'spatialReference': {'wkid': 26912}}","{'objectid': 40, 'xid': 40}"
"{'paths': [[[647315.5999999996, 4530617], [647852.0999999996, 4530564], [648935.2000000002, 4530502], [652330.4000000004, 4529574.5]]], 'type': 'polyline', 'spatialReference': {'wkid': 26912}}","{'objectid': 41, 'xid': 41}"
"{'paths': [[[638310.4000000004, 4526173], [636853.5999999996, 4526873]]], 'type': 'polyline', 'spatialReference': {'wkid': 26912}}","{'objectid': 42, 'xid': 42}"
"{'paths': [[[647315.5999999996, 4530617], [646807.5999999996, 4530663], [645126.5999999996, 4530570], [642038.0999999996, 4530902], [641433.7000000002, 4530681], [640640.7000000002, 4531080], [640059.5999999996, 4531016], [638959.5, 4531381], [638584.4000000004, 4531848], [636762.7000000002, 4531806]]], 'type': 'polyline', 'spatialReference': {'wkid': 26912}}","{'objectid': 43, 'xid': 43}"
"{'paths': [[[632545.9000000004, 4530194], [632694.2000000002, 4530314], [632648.2000000002, 4530371], [632499.2999999998, 4530251], [632545.9000000004, 4530194]]], 'type': 'polyline', 'spatialReference': {'wkid': 26912}}","{'objectid': 44, 'xid': 44}"
"{'paths': [[[633668.9000000004, 4531676], [633650.2000000002, 4530898], [633724.9000000004, 4530468], [633190.9000000004, 4529399], [632788.0999999996, 4529314], [632662.2000000002, 4529517], [632585.0999999996, 4529875], [632685, 4530111], [632633.0999999996, 4530207]]], 'type': 'polyline', 'spatialReference': {'wkid': 26912}}","{'objectid': 45, 'xid': 45}"
"{'paths': [[[632633.0999999996, 4530207], [632623.9000000004, 4530256]]], 'type': 'polyline', 'spatialReference': {'wkid': 26912}}","{'objectid': 46, 'xid': 46}"
"{'paths': [[[632633.0999999996, 4530207], [632611.9000000004, 4530247]]], 'type': 'polyline', 'spatialReference': {'wkid': 26912}}","{'objectid': 47, 'xid': 47}"
"{'paths': [[[632633.0999999996, 4530207], [632599.2000000002, 4530237]]], 'type': 'polyline', 'spatialReference': {'wkid': 26912}}","{'objectid': 48, 'xid': 48}"
"{'paths': [[[633683.7000000002, 4533582], [633720, 4533568], [633668.9000000004, 4531676]]], 'type': 'polyline', 'spatialReference': {'wkid': 26912}}","{'objectid': 49, 'xid': 49}"
"{'paths': [[[633668.9000000004, 4531676], [635983.2000000002, 4531702], [636128.9000000004, 4531782], [636762.7000000002, 4531806]]], 'type': 'polyline', 'spatialReference': {'wkid': 26912}}","{'objectid': 50, 'xid': 50}"
"{'paths': [[[632606.0999999996, 4530388], [632754.0999999996, 4530376], [633171.2999999998, 4530446], [633620.2000000002, 4530890], [633683.7000000002, 4533582]]], 'type': 'polyline', 'spatialReference': {'wkid': 26912}}","{'objectid': 51, 'xid': 51}"
"{'paths': [[[633683.7000000002, 4533582], [630866, 4534595], [630559, 4535026.5], [630070.9000000004, 4535313.5], [627342.9000000004, 4535401.5], [626179.4000000004, 4534939.5]]], 'type': 'polyline', 'spatialReference': {'wkid': 26912}}","{'objectid': 52, 'xid': 52}"
"{'paths': [[[633683.7000000002, 4533582], [633686.2999999998, 4533620.5], [632905.2000000002, 4535287], [631743.9000000004, 4536615.5], [632132.2000000002, 4539940.5]]], 'type': 'polyline', 'spatialReference': {'wkid': 26912}}","{'objectid': 53, 'xid': 53}"
"{'paths': [[[632633.0999999996, 4530207], [632598.7999999998, 4530113], [632270.2000000002, 4529692], [631460.0999999996, 4529421], [630723.2000000002, 4528128], [630478.7999999998, 4527877], [630418.2000000002, 4527593], [629520.2000000002, 4526013]]], 'type': 'polyline', 'spatialReference': {'wkid': 26912}}","{'objectid': 54, 'xid': 54}"
"{'paths': [[[632633.0999999996, 4530207], [632625.9000000004, 4530109], [632408.7999999998, 4529777], [632878.9000000004, 4528837], [636853.5999999996, 4526873]]], 'type': 'polyline', 'spatialReference': {'wkid': 26912}}","{'objectid': 55, 'xid': 55}"
"{'paths': [[[626179.4000000004, 4534939.5], [625876.2000000002, 4534828.5], [624636.5, 4534607.5], [623624.5999999996, 4534620.5], [623421.4000000004, 4534403.5], [623406.5, 4534030.5], [623053.2000000002, 4533838], [623140.5999999996, 4533184], [622999.0999999996, 4533003], [622766.4000000004, 4532968], [622706.5999999996, 4533014.5], [622400.5999999996, 4533021], [621873.5, 4532965.5], [621109.0999999996, 4533073], [620662.2000000002, 4533258.5], [620257.4000000004, 4533382], [619851.0999999996, 4533595], [619351.5, 4533901], [619070.9000000004, 4534137], [618751.7999999998, 4534322], [618338.9000000004, 4534759], [618287.5, 4534837], [618395.0999999996, 4535738], [617406.7000000002, 4536303.5], [616105, 4536431.5], [615629.2000000002, 4536674]]], 'type': 'polyline', 'spatialReference': {'wkid': 26912}}","{'objectid': 56, 'xid': 56}"
"{'paths': [[[610955.0999999996, 4539590], [612699.7999999998, 4538071.5], [614406.9000000004, 4536618.5], [615629.2000000002, 4536674]]], 'type': 'polyline', 'spatialReference': {'wkid': 26912}}","{'objectid': 57, 'xid': 57}"
"{'paths': [[[610581.9000000004, 4539913], [610955.0999999996, 4539590]]], 'type': 'polyline', 'spatialReference': {'wkid': 26912}}","{'objectid': 58, 'xid': 58}"
"{'paths': [[[610563, 4539930.5], [609882.9000000004, 4540520.5]]], 'type': 'polyline', 'spatialReference': {'wkid': 26912}}","{'objectid': 59, 'xid': 59}"
"{'paths': [[[609882.9000000004, 4540520.5], [609603.9000000004, 4540764.5]]], 'type': 'polyline', 'spatialReference': {'wkid': 26912}}","{'objectid': 60, 'xid': 60}"
"{'paths': [[[609603.9000000004, 4540764.5], [609224.9000000004, 4541092.5]]], 'type': 'polyline', 'spatialReference': {'wkid': 26912}}","{'objectid': 61, 'xid': 61}"
"{'paths': [[[609083.2000000002, 4541214.5], [608047.9000000004, 4542108.5], [605007.5999999996, 4543710.5]]], 'type': 'polyline', 'spatialReference': {'wkid': 26912}}","{'objectid': 62, 'xid': 62}"
"{'paths': [[[609224.9000000004, 4541092.5], [609083.2000000002, 4541214.5]]], 'type': 'polyline', 'spatialReference': {'wkid': 26912}}","{'objectid': 63, 'xid': 63}"
"{'paths': [[[412750.2999999998, 4632851], [413806.0999999996, 4634821]]], 'type': 'polyline', 'spatialReference': {'wkid': 26912}}","{'objectid': 64, 'xid': 64}"
"{'paths': [[[412135.7999999998, 4631774], [412107.0999999996, 4631755], [412127, 4631726], [412157, 4631746]]], 'type': 'polyline', 'spatialReference': {'wkid': 26912}}","{'objectid': 65, 'xid': 65}"
"{'paths': [[[412200.2000000002, 4631700], [412172.2999999998, 4631756]]], 'type': 'polyline', 'spatialReference': {'wkid': 26912}}","{'objectid': 66, 'xid': 66}"
"{'paths': [[[412156.2999999998, 4631788], [412117.9000000004, 4631866], [412281.0999999996, 4632097], [412417, 4632223], [412750.2999999998, 4632851]]], 'type': 'polyline', 'spatialReference': {'wkid': 26912}}","{'objectid': 67, 'xid': 67}"
"{'paths': [[[412195.9000000004, 4631814], [412150, 4631897], [412434.9000000004, 4632186], [414699, 4636400]]], 'type': 'polyline', 'spatialReference': {'wkid': 26912}}","{'objectid': 68, 'xid': 68}"
"{'paths': [[[412135.7999999998, 4631774], [412156.2999999998, 4631788]]], 'type': 'polyline', 'spatialReference': {'wkid': 26912}}","{'objectid': 69, 'xid': 69}"
"{'paths': [[[412156.2999999998, 4631788], [412195.9000000004, 4631814]]], 'type': 'polyline', 'spatialReference': {'wkid': 26912}}","{'objectid': 70, 'xid': 70}"
"{'paths': [[[412172.2999999998, 4631756], [412157, 4631746]]], 'type': 'polyline', 'spatialReference': {'wkid': 26912}}","{'objectid': 71, 'xid': 71}"
"{'paths': [[[412172.2999999998, 4631756], [412212, 4631783]]], 'type': 'polyline', 'spatialReference': {'wkid': 26912}}","{'objectid': 72, 'xid': 72}"
"{'paths': [[[412213.9000000004, 4631784], [412212, 4631783]]], 'type': 'polyline', 'spatialReference': {'wkid': 26912}}","{'objectid': 73, 'xid': 73}"
"{'paths': [[[412213.9000000004, 4631784], [412325.9000000004, 4631673], [412557.9000000004, 4631579]]], 'type': 'polyline', 'spatialReference': {'wkid': 26912}}","{'objectid': 74, 'xid': 74}"
"{'paths': [[[412557.9000000004, 4631579], [413664.2000000002, 4631417], [415316.2000000002, 4632389], [416546.2999999998, 4633828], [416925.0999999996, 4633830]]], 'type': 'polyline', 'spatialReference': {'wkid': 26912}}","{'objectid': 75, 'xid': 75}"
"{'paths': [[[412135.7999999998, 4631774], [411896.2000000002, 4632020]]], 'type': 'polyline', 'spatialReference': {'wkid': 26912}}","{'objectid': 76, 'xid': 76}"
"{'paths': [[[411896.2000000002, 4632020], [407600.0999999996, 4636489]]], 'type': 'polyline', 'spatialReference': {'wkid': 26912}}","{'objectid': 77, 'xid': 77}"
"{'paths': [[[411896.2000000002, 4632020], [412141.0999999996, 4632358]]], 'type': 'polyline', 'spatialReference': {'wkid': 26912}}","{'objectid': 78, 'xid': 78}"
"{'paths': [[[411896.2000000002, 4632020], [411708.7999999998, 4631369], [412138.7999999998, 4630933]]], 'type': 'polyline', 'spatialReference': {'wkid': 26912}}","{'objectid': 79, 'xid': 79}"
"{'paths': [[[412750.2999999998, 4632851], [412780.2999999998, 4632977], [413648.9000000004, 4634601], [413806.0999999996, 4634821]]], 'type': 'polyline', 'spatialReference': {'wkid': 26912}}","{'objectid': 80, 'xid': 80}"
"{'paths': [[[413806.0999999996, 4634821], [414656, 4636401]]], 'type': 'polyline', 'spatialReference': {'wkid': 26912}}","{'objectid': 81, 'xid': 81}"
"{'paths': [[[412195.9000000004, 4631814], [412207.4000000004, 4631821], [412227.2999999998, 4631792], [412213.9000000004, 4631784]]], 'type': 'polyline', 'spatialReference': {'wkid': 26912}}","{'objectid': 82, 'xid': 82}"
"{'paths': [[[410029.9000000004, 4622577], [410141.2999999998, 4623466], [411402, 4627889], [412396.0999999996, 4631450], [412212, 4631783]]], 'type': 'polyline', 'spatialReference': {'wkid': 26912}}","{'objectid': 83, 'xid': 83}"
"{'paths': [[[412557.9000000004, 4631579], [412462.7999999998, 4631159], [412463, 4631020], [411896.4000000004, 4630546], [411868.2000000002, 4630421], [411836.0999999996, 4629819], [411618.2000000002, 4629423], [411525.2000000002, 4629337], [410564.9000000004, 4627813], [410583.7999999998, 4627750], [410529.9000000004, 4627705], [410169, 4627029], [409498.9000000004, 4624434], [409219.2000000002, 4622586.5]]], 'type': 'polyline', 'spatialReference': {'wkid': 26912}}","{'objectid': 84, 'xid': 84}"
"{'paths': [[[409996.2000000002, 4622577], [410114, 4623466], [411374.2000000002, 4627897], [412357.9000000004, 4631438], [412290, 4631531], [412200.2000000002, 4631700]]], 'type': 'polyline', 'spatialReference': {'wkid': 26912}}","{'objectid': 85, 'xid': 85}"
"{'paths': [[[412200.2000000002, 4631700], [412157, 4631746]]], 'type': 'polyline', 'spatialReference': {'wkid': 26912}}","{'objectid': 86, 'xid': 86}"
"{'paths': [[[431204.2000000002, 4633773.5], [433318.5, 4633786], [433453, 4633743]]], 'type': 'polyline', 'spatialReference': {'wkid': 26912}}","{'objectid': 87, 'xid': 87}"
"{'paths': [[[431204.2000000002, 4633773.5], [431206.2999999998, 4633736]]], 'type': 'polyline', 'spatialReference': {'wkid': 26912}}","{'objectid': 88, 'xid': 88}"
"{'paths': [[[431206.2999999998, 4633736], [431247.5, 4633733], [431247.0999999996, 4633622], [431155.2000000002, 4633625], [431156.9000000004, 4633737], [431206.2999999998, 4633736]]], 'type': 'polyline', 'spatialReference': {'wkid': 26912}}","{'objectid': 89, 'xid': 89}"
"{'paths': [[[434831.7000000002, 4624155], [435032.7000000002, 4624078.5], [434539.2000000002, 4622410], [434545.9000000004, 4622311]]], 'type': 'polyline', 'spatialReference': {'wkid': 26912}}","{'objectid': 90, 'xid': 90}"
"{'paths': [[[434831.7000000002, 4624155], [434876.7999999998, 4624156], [434879.0999999996, 4624267], [434775, 4624265], [434772.0999999996, 4624219], [434748, 4624218], [434746.7000000002, 4624152], [434831.7000000002, 4624155]]], 'type': 'polyline', 'spatialReference': {'wkid': 26912}}","{'objectid': 91, 'xid': 91}"
"{'paths': [[[427302.2999999998, 4633805], [428250, 4633828], [429819.5, 4633826], [430705.0999999996, 4633776], [431204.2000000002, 4633773.5]]], 'type': 'polyline', 'spatialReference': {'wkid': 26912}}","{'objectid': 92, 'xid': 92}"
"{'paths': [[[411739.2999999998, 4608676], [411059.2000000002, 4612474], [410062.7000000002, 4616852], [409982.2000000002, 4617417.5], [409933.0999999996, 4618613], [409810.7999999998, 4620145], [409816.2000000002, 4620827], [409818, 4620968], [410029.9000000004, 4622577]]], 'type': 'polyline', 'spatialReference': {'wkid': 26912}}","{'objectid': 93, 'xid': 93}"
"{'paths': [[[410851.9000000004, 4610003.5], [410758.0999999996, 4609104.5], [410736.4000000004, 4608688]]], 'type': 'polyline', 'spatialReference': {'wkid': 26912}}","{'objectid': 94, 'xid': 94}"
"{'paths': [[[410845.5999999996, 4610007], [410850.7000000002, 4610061.5], [410946, 4610057], [410947.7000000002, 4610045.5]]], 'type': 'polyline', 'spatialReference': {'wkid': 26912}}","{'objectid': 95, 'xid': 95}"
"{'paths': [[[410946, 4610008], [410851.9000000004, 4610003.5]]], 'type': 'polyline', 'spatialReference': {'wkid': 26912}}","{'objectid': 96, 'xid': 96}"
"{'paths': [[[411011.7000000002, 4612327], [411025.7000000002, 4612539.5], [409954.2000000002, 4617162], [409911.0999999996, 4618485], [409736.7000000002, 4620663], [409996.2000000002, 4622577]]], 'type': 'polyline', 'spatialReference': {'wkid': 26912}}","{'objectid': 97, 'xid': 97}"
"{'paths': [[[411011.7000000002, 4612327], [410989.2000000002, 4612361], [410903.7999999998, 4612955], [410689.0999999996, 4613364.5], [409876.7999999998, 4616918], [409594.2000000002, 4618672]]], 'type': 'polyline', 'spatialReference': {'wkid': 26912}}","{'objectid': 98, 'xid': 98}"
"{'paths': [[[411011.7000000002, 4612327], [411029.7000000002, 4612302], [411042.5999999996, 4612108.5], [411255.7000000002, 4610841], [411194.2000000002, 4610032], [410947.7000000002, 4610045.5]]], 'type': 'polyline', 'spatialReference': {'wkid': 26912}}","{'objectid': 99, 'xid': 99}"
"{'paths': [[[410946, 4610008], [411191.7000000002, 4609987], [411116.2999999998, 4608976], [411284.2999999998, 4608681]]], 'type': 'polyline', 'spatialReference': {'wkid': 26912}}","{'objectid': 100, 'xid': 100}"
"{'paths': [[[410947.7000000002, 4610045.5], [410946, 4610008]]], 'type': 'polyline', 'spatialReference': {'wkid': 26912}}","{'objectid': 101, 'xid': 101}"
"{'paths': [[[411011.7000000002, 4612327], [410889.5999999996, 4610428]]], 'type': 'polyline', 'spatialReference': {'wkid': 26912}}","{'objectid': 102, 'xid': 102}"
"{'paths': [[[410845.5999999996, 4610007], [410851.9000000004, 4610003.5]]], 'type': 'polyline', 'spatialReference': {'wkid': 26912}}","{'objectid': 103, 'xid': 103}"
"{'paths': [[[406234, 4609954], [406954.7999999998, 4609910], [409565.0999999996, 4609811]]], 'type': 'polyline', 'spatialReference': {'wkid': 26912}}","{'objectid': 104, 'xid': 104}"
"{'paths': [[[409565.0999999996, 4609811], [410481.2000000002, 4609784], [410493.7999999998, 4609983], [410845.5999999996, 4610007]]], 'type': 'polyline', 'spatialReference': {'wkid': 26912}}","{'objectid': 105, 'xid': 105}"
"{'paths': [[[409219.2000000002, 4622586.5], [409183.2000000002, 4622350], [409295.7000000002, 4621016], [409487, 4620184], [409509.0999999996, 4619222.5], [409594.2000000002, 4618672]]], 'type': 'polyline', 'spatialReference': {'wkid': 26912}}","{'objectid': 106, 'xid': 106}"
"{'paths': [[[406367, 4620085.5], [407762.2000000002, 4620099], [407987, 4619909], [408647, 4619906.5], [408773.2999999998, 4618714], [408794, 4618690], [409594.2000000002, 4618672]]], 'type': 'polyline', 'spatialReference': {'wkid': 26912}}","{'objectid': 107, 'xid': 107}"
"{'paths': [[[434842.0999999996, 4621528], [434588.2999999998, 4621458], [434451.7000000002, 4621101], [434168.2999999998, 4620082], [433881, 4619136], [433416.7000000002, 4616028], [433389.2000000002, 4615600], [433244.2000000002, 4615095], [432838.0999999996, 4612613], [432602.7000000002, 4610825], [432549.7000000002, 4609986], [432481, 4609296.5]]], 'type': 'polyline', 'spatialReference': {'wkid': 26912}}","{'objectid': 108, 'xid': 108}"
"{'paths': [[[434929.9000000004, 4621559], [434842.0999999996, 4621528]]], 'type': 'polyline', 'spatialReference': {'wkid': 26912}}","{'objectid': 109, 'xid': 109}"
"{'paths': [[[434842.0999999996, 4621528], [434666.2000000002, 4621512], [434491, 4621093], [434212, 4620073], [433926, 4619127.5], [433464, 4616062], [433433, 4615590], [433291.2000000002, 4615096], [432970.9000000004, 4613163], [432647.7999999998, 4610822], [432589.7000000002, 4609841.5], [432559.7999999998, 4609567], [432481, 4609296.5]]], 'type': 'polyline', 'spatialReference': {'wkid': 26912}}","{'objectid': 110, 'xid': 110}"
"{'paths': [[[410736.4000000004, 4608688], [410616.4000000004, 4606805], [410381.2000000002, 4601760], [411022.5999999996, 4597535.5], [410967.2999999998, 4594805.5]]], 'type': 'polyline', 'spatialReference': {'wkid': 26912}}","{'objectid': 111, 'xid': 111}"
"{'paths': [[[411739.2999999998, 4608676], [411806.7999999998, 4608267], [414037.2000000002, 4603674], [416397.0999999996, 4597701], [416336.0999999996, 4596447.5]]], 'type': 'polyline', 'spatialReference': {'wkid': 26912}}","{'objectid': 112, 'xid': 112}"
"{'paths': [[[416322.2999999998, 4596136], [416251.2999999998, 4594742]]], 'type': 'polyline', 'spatialReference': {'wkid': 26912}}","{'objectid': 113, 'xid': 113}"
"{'paths': [[[421841.5, 4608559], [421825.5, 4606325], [421803, 4605950], [421833, 4605668], [421837.4000000004, 4605437], [421800.0999999996, 4604808.5], [421837.5, 4604504.5], [421808.2999999998, 4603809.5], [421830, 4603526.5], [421772.9000000004, 4603124.5], [421812.2000000002, 4602877.5], [421828.4000000004, 4602618.5], [421765.2999999998, 4602019.5], [421794.0999999996, 4601855.5], [421793.2000000002, 4601309]]], 'type': 'polyline', 'spatialReference': {'wkid': 26912}}","{'objectid': 114, 'xid': 114}"
"{'paths': [[[414136.9000000004, 4580888.5], [414078.4000000004, 4585045.5], [413754.2000000002, 4588876], [416129.4000000004, 4593346], [416251.2999999998, 4594742]]], 'type': 'polyline', 'spatialReference': {'wkid': 26912}}","{'objectid': 115, 'xid': 115}"
"{'paths': [[[412127.2000000002, 4580912.5], [412806.5, 4581368.5], [412869.0999999996, 4582487], [412192.5, 4584563], [412082.0999999996, 4585712.5], [411924.4000000004, 4586064], [410880.0999999996, 4586131.5], [410967.2999999998, 4594805.5]]], 'type': 'polyline', 'spatialReference': {'wkid': 26912}}","{'objectid': 116, 'xid': 116}"
"{'paths': [[[412209.4000000004, 4584432.5], [412472.0999999996, 4583631.5]]], 'type': 'polyline', 'spatialReference': {'wkid': 26912}}","{'objectid': 117, 'xid': 117}"
"{'paths': [[[412132.0999999996, 4585001.5], [412155.4000000004, 4584765.5]]], 'type': 'polyline', 'spatialReference': {'wkid': 26912}}","{'objectid': 118, 'xid': 118}"
"{'paths': [[[449173.5, 4580558.5], [451491.7000000002, 4581928.5], [457291.5999999996, 4585314], [458153.5999999996, 4585528]]], 'type': 'polyline', 'spatialReference': {'wkid': 26912}}","{'objectid': 119, 'xid': 119}"
"{'paths': [[[449241.7000000002, 4580557], [457303.5, 4585281], [458152.2000000002, 4585494]]], 'type': 'polyline', 'spatialReference': {'wkid': 26912}}","{'objectid': 120, 'xid': 120}"
"{'paths': [[[458152.2000000002, 4585494], [468610.7999999998, 4588138]]], 'type': 'polyline', 'spatialReference': {'wkid': 26912}}","{'objectid': 121, 'xid': 121}"
"{'paths': [[[458153.5999999996, 4585528], [468611, 4588169.5]]], 'type': 'polyline', 'spatialReference': {'wkid': 26912}}","{'objectid': 122, 'xid': 122}"
"{'paths': [[[468610.7999999998, 4588138], [471856.7999999998, 4588958.5], [479064.7999999998, 4592064.5]]], 'type': 'polyline', 'spatialReference': {'wkid': 26912}}","{'objectid': 123, 'xid': 123}"
"{'paths': [[[468611, 4588171.5], [471844.7999999998, 4588988.5], [479064.2000000002, 4592098.5]]], 'type': 'polyline', 'spatialReference': {'wkid': 26912}}","{'objectid': 124, 'xid': 124}"
"{'paths': [[[412454, 4576904], [412455.5, 4576864.5]]], 'type': 'polyline', 'spatialReference': {'wkid': 26912}}","{'objectid': 125, 'xid': 125}"
"{'paths': [[[412236, 4576877], [412234.4000000004, 4576904]]], 'type': 'polyline', 'spatialReference': {'wkid': 26912}}","{'objectid': 126, 'xid': 126}"
"{'paths': [[[412236, 4576933], [412234.4000000004, 4576904]]], 'type': 'polyline', 'spatialReference': {'wkid': 26912}}","{'objectid': 127, 'xid': 127}"
"{'paths': [[[412236, 4576877], [412236.2000000002, 4576793], [412344.0999999996, 4576788], [412341.2000000002, 4576870.5], [412455.5, 4576864.5]]], 'type': 'polyline', 'spatialReference': {'wkid': 26912}}","{'objectid': 128, 'xid': 128}"
"{'paths': [[[412128.5, 4580912.5], [411760.4000000004, 4580661.5], [410802.2999999998, 4579605.5], [410777.2999999998, 4578294.5], [411063.2999999998, 4576944.5], [412236, 4576933]]], 'type': 'polyline', 'spatialReference': {'wkid': 26912}}","{'objectid': 129, 'xid': 129}"
"{'paths': [[[416275.2000000002, 4577743], [415997.4000000004, 4577786], [415239.4000000004, 4577767], [414184.7999999998, 4576686], [414142.0999999996, 4576687]]], 'type': 'polyline', 'spatialReference': {'wkid': 26912}}","{'objectid': 130, 'xid': 130}"
"{'paths': [[[414139.2000000002, 4576656], [414197.2000000002, 4576649], [415251.2000000002, 4577741.5], [416000.2000000002, 4577750], [416274.0999999996, 4577704]]], 'type': 'polyline', 'spatialReference': {'wkid': 26912}}","{'objectid': 131, 'xid': 131}"
"{'paths': [[[414139.2000000002, 4576656], [414142.0999999996, 4576687]]], 'type': 'polyline', 'spatialReference': {'wkid': 26912}}","{'objectid': 132, 'xid': 132}"
"{'paths': [[[412454, 4576904], [414142.0999999996, 4576687]]], 'type': 'polyline', 'spatialReference': {'wkid': 26912}}","{'objectid': 133, 'xid': 133}"
"{'paths': [[[412455.5, 4576864.5], [414139.2000000002, 4576656]]], 'type': 'polyline', 'spatialReference': {'wkid': 26912}}","{'objectid': 134, 'xid': 134}"
"{'paths': [[[412234.4000000004, 4576904], [411036.0999999996, 4576913], [411593.2000000002, 4574319], [411585, 4572070], [411561.5, 4571659], [411769.2000000002, 4570083.5], [411512.7999999998, 4568921.5], [411488, 4567041]]], 'type': 'polyline', 'spatialReference': {'wkid': 26912}}","{'objectid': 135, 'xid': 135}"
"{'paths': [[[412236, 4576877], [411076, 4576887], [411627.2000000002, 4574335], [411619.0999999996, 4571982.5], [411597, 4571640], [411797.0999999996, 4570070], [411548.0999999996, 4568934.5], [411521.2999999998, 4567041]]], 'type': 'polyline', 'spatialReference': {'wkid': 26912}}","{'objectid': 136, 'xid': 136}"
"{'paths': [[[414139.2000000002, 4576656], [413103.7999999998, 4569310], [412646.2999999998, 4567775], [412521, 4567029]]], 'type': 'polyline', 'spatialReference': {'wkid': 26912}}","{'objectid': 137, 'xid': 137}"
"{'paths': [[[414136.9000000004, 4580888.5], [414207.0999999996, 4577109], [414142.0999999996, 4576687]]], 'type': 'polyline', 'spatialReference': {'wkid': 26912}}","{'objectid': 138, 'xid': 138}"
"{'paths': [[[412236, 4576933], [412235.0999999996, 4576961]]], 'type': 'polyline', 'spatialReference': {'wkid': 26912}}","{'objectid': 139, 'xid': 139}"
"{'paths': [[[412454, 4576957], [412454, 4576904]]], 'type': 'polyline', 'spatialReference': {'wkid': 26912}}","{'objectid': 140, 'xid': 140}"
"{'paths': [[[412235.0999999996, 4576961], [412236.0999999996, 4577046], [412332.5, 4577044], [412333.2999999998, 4577114], [412456.5, 4577110], [412454, 4576957]]], 'type': 'polyline', 'spatialReference': {'wkid': 26912}}","{'objectid': 141, 'xid': 141}"
"{'paths': [[[426709.5, 4575323.5], [426407.5, 4575330], [424479.4000000004, 4574435], [423552.2999999998, 4573729.5], [422797.9000000004, 4573656.5], [422135.0999999996, 4573907]]], 'type': 'polyline', 'spatialReference': {'wkid': 26912}}","{'objectid': 142, 'xid': 142}"
"{'paths': [[[426709.7000000002, 4575283.5], [426414.2000000002, 4575291.5], [424488.5999999996, 4574401.5], [423554.5, 4573689], [422796.2000000002, 4573615.5], [422347.9000000004, 4573746], [422135.0999999996, 4573907]]], 'type': 'polyline', 'spatialReference': {'wkid': 26912}}","{'objectid': 143, 'xid': 143}"
"{'paths': [[[422226.2000000002, 4573651], [422317.7000000002, 4573373], [421438.2000000002, 4572125.5], [421231.7999999998, 4571184.5], [420788.2000000002, 4570695], [420542.7000000002, 4569924.5], [420732.2000000002, 4568896], [420899.5, 4568475.5], [421462.2000000002, 4567844.5], [422035.2999999998, 4566920.5]]], 'type': 'polyline', 'spatialReference': {'wkid': 26912}}","{'objectid': 144, 'xid': 144}"
"{'paths': [[[422226.2000000002, 4573651], [422361.2000000002, 4573374.5], [421821.0999999996, 4572564.5], [421482.5999999996, 4572103], [421289.7000000002, 4571164], [420837.2000000002, 4570676.5], [420597.0999999996, 4569928.5], [420871, 4568908], [421111.5999999996, 4568404.5], [421818.7000000002, 4567352.5], [422088.2999999998, 4566920.5]]], 'type': 'polyline', 'spatialReference': {'wkid': 26912}}","{'objectid': 145, 'xid': 145}"
"{'paths': [[[421661.9000000004, 4574802.5], [422226.2000000002, 4573651]]], 'type': 'polyline', 'spatialReference': {'wkid': 26912}}","{'objectid': 146, 'xid': 146}"
"{'paths': [[[421700.2000000002, 4574802], [422135.0999999996, 4573907]]], 'type': 'polyline', 'spatialReference': {'wkid': 26912}}","{'objectid': 147, 'xid': 147}"
"{'paths': [[[416274.0999999996, 4577704], [418030.0999999996, 4577465], [418690.7000000002, 4577056], [419991, 4577034], [421288.2000000002, 4576382], [421271.9000000004, 4575593], [421513.2000000002, 4575106.5]]], 'type': 'polyline', 'spatialReference': {'wkid': 26912}}","{'objectid': 148, 'xid': 148}"
"{'paths': [[[416275.2000000002, 4577741.5], [418042, 4577497], [418698.7999999998, 4577093], [419997.7000000002, 4577068], [421319.0999999996, 4576404], [421309.7000000002, 4575602], [421512.7000000002, 4575187.5]]], 'type': 'polyline', 'spatialReference': {'wkid': 26912}}","{'objectid': 149, 'xid': 149}"
"{'paths': [[[421513.2000000002, 4575106.5], [421661.9000000004, 4574802.5]]], 'type': 'polyline', 'spatialReference': {'wkid': 26912}}","{'objectid': 150, 'xid': 150}"
"{'paths': [[[421512.7000000002, 4575187.5], [421700.2000000002, 4574802]]], 'type': 'polyline', 'spatialReference': {'wkid': 26912}}","{'objectid': 151, 'xid': 151}"
"{'paths': [[[437003.9000000004, 4572528], [437030.0999999996, 4572519], [437147.2000000002, 4572544]]], 'type': 'polyline', 'spatialReference': {'wkid': 26912}}","{'objectid': 152, 'xid': 152}"
"{'paths': [[[436460.2000000002, 4572725], [437003.9000000004, 4572528]]], 'type': 'polyline', 'spatialReference': {'wkid': 26912}}","{'objectid': 153, 'xid': 153}"
"{'paths': [[[437003.9000000004, 4572528], [437147.2000000002, 4572556]]], 'type': 'polyline', 'spatialReference': {'wkid': 26912}}","{'objectid': 154, 'xid': 154}"
"{'paths': [[[426709.5, 4575323.5], [428293.5, 4575301.5], [430616.2000000002, 4574739], [432017.2000000002, 4574381], [432217.0999999996, 4574322], [433396.2999999998, 4573866], [436104.4000000004, 4572877.5], [437003.9000000004, 4572528]]], 'type': 'polyline', 'spatialReference': {'wkid': 26912}}","{'objectid': 155, 'xid': 155}"
"{'paths': [[[430926.2999999998, 4574644.5], [428293.2999999998, 4575285], [426709.2999999998, 4575303]]], 'type': 'polyline', 'spatialReference': {'wkid': 26912}}","{'objectid': 156, 'xid': 156}"
"{'paths': [[[426709.7000000002, 4575283.5], [428291.2000000002, 4575267.5], [431793.2000000002, 4574404.5], [432212.2999999998, 4574285.5], [436029, 4572866], [437006.0999999996, 4572486], [437146.9000000004, 4572511]]], 'type': 'polyline', 'spatialReference': {'wkid': 26912}}","{'objectid': 157, 'xid': 157}"
"{'paths': [[[438315, 4572793], [438287.2999999998, 4572770.5], [438236.2000000002, 4572764]]], 'type': 'polyline', 'spatialReference': {'wkid': 26912}}","{'objectid': 158, 'xid': 158}"
"{'paths': [[[437813.2000000002, 4572678.5], [437147.2000000002, 4572544]]], 'type': 'polyline', 'spatialReference': {'wkid': 26912}}","{'objectid': 159, 'xid': 159}"
"{'paths': [[[444332.2000000002, 4577177.5], [442760.7999999998, 4575737.5], [441764.9000000004, 4575518.5], [438290.9000000004, 4572738], [437146.9000000004, 4572511]]], 'type': 'polyline', 'spatialReference': {'wkid': 26912}}","{'objectid': 160, 'xid': 160}"
"{'paths': [[[447664.7999999998, 4579633], [445925.4000000004, 4578614], [444861.9000000004, 4577654]]], 'type': 'polyline', 'spatialReference': {'wkid': 26912}}","{'objectid': 161, 'xid': 161}"
"{'paths': [[[447664.5, 4579675], [445909.7000000002, 4578645.5], [444929.7000000002, 4577759]]], 'type': 'polyline', 'spatialReference': {'wkid': 26912}}","{'objectid': 162, 'xid': 162}"
"{'paths': [[[444281.7999999998, 4577172.5], [444551.0999999996, 4577410.5], [444861.9000000004, 4577654]]], 'type': 'polyline', 'spatialReference': {'wkid': 26912}}","{'objectid': 163, 'xid': 163}"
"{'paths': [[[444332.2000000002, 4577177.5], [444861.9000000004, 4577654]]], 'type': 'polyline', 'spatialReference': {'wkid': 26912}}","{'objectid': 164, 'xid': 164}"
"{'paths': [[[439026.9000000004, 4573365], [441747.9000000004, 4575546.5], [442748.2999999998, 4575774.5], [444281.7999999998, 4577172.5]]], 'type': 'polyline', 'spatialReference': {'wkid': 26912}}","{'objectid': 165, 'xid': 165}"
"{'paths': [[[447664.7999999998, 4579633], [449241.7000000002, 4580557]]], 'type': 'polyline', 'spatialReference': {'wkid': 26912}}","{'objectid': 166, 'xid': 166}"
"{'paths': [[[447664.5, 4579675], [449173.5, 4580558.5]]], 'type': 'polyline', 'spatialReference': {'wkid': 26912}}","{'objectid': 167, 'xid': 167}"
"{'paths': [[[423209.5999999996, 4553962.5], [422668.5, 4553853.5], [421167.5, 4553867.5], [421125.4000000004, 4553052.5]]], 'type': 'polyline', 'spatialReference': {'wkid': 26912}}","{'objectid': 168, 'xid': 168}"
"{'paths': [[[416030, 4556505.5], [416590.0999999996, 4556053.5], [417488.7000000002, 4555680.5], [417959.7999999998, 4555156.5], [418744.0999999996, 4554505.5], [419259.7999999998, 4553656.5], [419277, 4553534.5], [419252.5, 4553515.5]]], 'type': 'polyline', 'spatialReference': {'wkid': 26912}}","{'objectid': 169, 'xid': 169}"
"{'paths': [[[416069.7000000002, 4556951.5], [416474.0999999996, 4557274.5], [418801.7999999998, 4556825.5], [419012.7000000002, 4556267.5], [419051.7999999998, 4555348.5]]], 'type': 'polyline', 'spatialReference': {'wkid': 26912}}","{'objectid': 170, 'xid': 170}"
"{'paths': [[[416076.9000000004, 4556911.5], [417199.7999999998, 4556124.5], [418510.0999999996, 4555750.5], [418755.7000000002, 4555615.5], [419051.7999999998, 4555348.5]]], 'type': 'polyline', 'spatialReference': {'wkid': 26912}}","{'objectid': 171, 'xid': 171}"
"{'paths': [[[416060.7999999998, 4556965], [416467.9000000004, 4557293.5], [418795, 4556843.5], [418750.7999999998, 4556958.5]]], 'type': 'polyline', 'spatialReference': {'wkid': 26912}}","{'objectid': 172, 'xid': 172}"
"{'paths': [[[417099.0999999996, 4562532], [417140.9000000004, 4561932.5], [416885.7000000002, 4560364.5], [416880.7999999998, 4559540.5], [416616.9000000004, 4558450.5], [416541.7999999998, 4558045.5], [416444.5999999996, 4557326.5], [416035.5999999996, 4556995.5]]], 'type': 'polyline', 'spatialReference': {'wkid': 26912}}","{'objectid': 173, 'xid': 173}"
"{'paths': [[[421211.2000000002, 4558987.5], [421144.7000000002, 4557455.5], [421196.5, 4557211.5], [421181.7000000002, 4556435.5]]], 'type': 'polyline', 'spatialReference': {'wkid': 26912}}","{'objectid': 174, 'xid': 174}"
"{'paths': [[[420706.7000000002, 4566211.5], [420901.2999999998, 4566172.5], [421709.2000000002, 4566683.5], [422106.7000000002, 4566252.5], [422276.7999999998, 4565467.5], [422227.5, 4564863.5], [422135.2000000002, 4562752.5], [421948.7000000002, 4562300.5], [421395.5999999996, 4560421.5], [421354.2000000002, 4560261.5], [421257.2999999998, 4559699.5], [421232.2000000002, 4559448.5]]], 'type': 'polyline', 'spatialReference': {'wkid': 26912}}","{'objectid': 175, 'xid': 175}"
"{'paths': [[[421402.5, 4560828.5], [421232.2999999998, 4560172.5], [421096.2000000002, 4560129.5], [421049.5, 4560129.5]]], 'type': 'polyline', 'spatialReference': {'wkid': 26912}}","{'objectid': 176, 'xid': 176}"
"{'paths': [[[418799.9000000004, 4559186], [418793.7000000002, 4558915]]], 'type': 'polyline', 'spatialReference': {'wkid': 26912}}","{'objectid': 177, 'xid': 177}"
"{'paths': [[[419257.9000000004, 4560086.5], [419804.9000000004, 4560078.5], [420417.5999999996, 4560104.5]]], 'type': 'polyline', 'spatialReference': {'wkid': 26912}}","{'objectid': 178, 'xid': 178}"
"{'paths': [[[421820.5, 4562449.5], [421527.5, 4561320.5]]], 'type': 'polyline', 'spatialReference': {'wkid': 26912}}","{'objectid': 179, 'xid': 179}"
"{'paths': [[[421285.5999999996, 4560367.5], [421285.2000000002, 4560334.5], [421225.7000000002, 4560333.5], [421225.4000000004, 4560365.5], [421285.5999999996, 4560367.5]]], 'type': 'polyline', 'spatialReference': {'wkid': 26912}}","{'objectid': 180, 'xid': 180}"
"{'paths': [[[421845.2999999998, 4562556.5], [421976.0999999996, 4563068.5], [422021.7000000002, 4563384.5], [422058.7999999998, 4564814.5], [422142.5, 4565108.5], [422053.5, 4565335.5], [422011.2999999998, 4565873.5], [421970.7000000002, 4565908.5], [420704.5999999996, 4566186.5]]], 'type': 'polyline', 'spatialReference': {'wkid': 26912}}","{'objectid': 181, 'xid': 181}"
"{'paths': [[[421495.7999999998, 4566926.5], [421673.4000000004, 4566680.5], [420893.2000000002, 4566189.5], [420709.5, 4566228.5]]], 'type': 'polyline', 'spatialReference': {'wkid': 26912}}","{'objectid': 182, 'xid': 182}"
"{'paths': [[[421172.4000000004, 4555872.5], [423055.0999999996, 4555837.5]]], 'type': 'polyline', 'spatialReference': {'wkid': 26912}}","{'objectid': 183, 'xid': 183}"
"{'paths': [[[422027.5, 4565775.5], [422035.7000000002, 4565890.5], [422080.5, 4565888.5], [422081.5, 4565862], [422121.7000000002, 4565859], [422114.4000000004, 4565768], [422027.5, 4565775.5]]], 'type': 'polyline', 'spatialReference': {'wkid': 26912}}","{'objectid': 184, 'xid': 184}"
"{'paths': [[[419051.7999999998, 4555348.5], [419878.5, 4554595.5], [420151.5, 4554379.5], [420520.5999999996, 4554334.5], [421079.5, 4554324.5]]], 'type': 'polyline', 'spatialReference': {'wkid': 26912}}","{'objectid': 185, 'xid': 185}"
"{'paths': [[[420663.7999999998, 4566201.5], [420671.5, 4566263], [420741.5, 4566233.5], [420742.4000000004, 4566200.5], [420663.7999999998, 4566201.5]]], 'type': 'polyline', 'spatialReference': {'wkid': 26912}}","{'objectid': 186, 'xid': 186}"
"{'paths': [[[423262.0999999996, 4555729.5], [424286.5, 4554620.5], [424546.2000000002, 4554525.5], [425315.2999999998, 4554533.5], [425805.5, 4554563.5], [426110.2999999998, 4554555.5], [426501.5999999996, 4554620]]], 'type': 'polyline', 'spatialReference': {'wkid': 26912}}","{'objectid': 187, 'xid': 187}"
"{'paths': [[[424872.2000000002, 4554226.5], [424532.5, 4554253.5], [424227.4000000004, 4554168], [423209.5999999996, 4553962.5]]], 'type': 'polyline', 'spatialReference': {'wkid': 26912}}","{'objectid': 188, 'xid': 188}"
"{'paths': [[[419492.5, 4553911.5], [419489.5, 4553811.5], [419462.7999999998, 4553769.5], [419489.9000000004, 4553728.5]]], 'type': 'polyline', 'spatialReference': {'wkid': 26912}}","{'objectid': 189, 'xid': 189}"
"{'paths': [[[419051.7999999998, 4555348.5], [419101.7999999998, 4554076.5], [419205.7000000002, 4553915.5], [419492.5, 4553911.5]]], 'type': 'polyline', 'spatialReference': {'wkid': 26912}}","{'objectid': 190, 'xid': 190}"
"{'paths': [[[419252.5, 4553515.5], [419239.7999999998, 4553529.5], [419225, 4553519.5], [419259.7000000002, 4553478.5], [419272.7000000002, 4553490.5], [419252.5, 4553515.5]]], 'type': 'polyline', 'spatialReference': {'wkid': 26912}}","{'objectid': 191, 'xid': 191}"
"{'paths': [[[421061.2999999998, 4553052.5], [421005.5, 4553578.5], [420702.0999999996, 4553889.5], [419492.5, 4553911.5]]], 'type': 'polyline', 'spatialReference': {'wkid': 26912}}","{'objectid': 192, 'xid': 192}"
"{'paths': [[[430469, 4554191.5], [431305, 4554019.5], [431516.9000000004, 4553946.5], [432840.2999999998, 4552935.5]]], 'type': 'polyline', 'spatialReference': {'wkid': 26912}}","{'objectid': 193, 'xid': 193}"
"{'paths': [[[426501.5999999996, 4554620], [427105.2000000002, 4554665.5], [429173.2000000002, 4554755], [429777.2999999998, 4554725], [430177.4000000004, 4554578.5], [431278.2000000002, 4554580.5], [433008.2999999998, 4554489.5], [433964.9000000004, 4554410.5], [434264, 4554274.5], [435311, 4553618.5], [435498.9000000004, 4553359], [435544, 4553249.5], [435769, 4552981], [435806.2000000002, 4552908.5]]], 'type': 'polyline', 'spatialReference': {'wkid': 26912}}","{'objectid': 194, 'xid': 194}"
"{'paths': [[[430229.2999999998, 4554240], [430338, 4554220.5]]], 'type': 'polyline', 'spatialReference': {'wkid': 26912}}","{'objectid': 195, 'xid': 195}"
"{'paths': [[[430205, 4554243.5], [429958.0999999996, 4554340], [429674.4000000004, 4554408.5], [429445.4000000004, 4554431.5], [429191.7999999998, 4554504.5], [428949.2999999998, 4554390.5], [428399.5, 4554414.5], [428211.0999999996, 4554402.5], [428040.5, 4554311.5], [427721.2000000002, 4554276.5], [427566.2000000002, 4554275.5], [427164.0999999996, 4554337.5], [426498.2000000002, 4554292.5]]], 'type': 'polyline', 'spatialReference': {'wkid': 26912}}","{'objectid': 196, 'xid': 196}"
"{'paths': [[[426605.0999999996, 4565037.5], [426803.5999999996, 4564868.5], [427135.0999999996, 4564125.5], [427225.0999999996, 4563915.5], [427270.5999999996, 4563541.5], [427477.0999999996, 4563344.5], [428103, 4563511.5], [428325.5999999996, 4563315.5], [428281, 4563078.5], [428431.0999999996, 4562790.5]]], 'type': 'polyline', 'spatialReference': {'wkid': 26912}}","{'objectid': 197, 'xid': 197}"
"{'paths': [[[487067.5, 4553542], [487313.9000000004, 4554251.5], [487951, 4555025.5], [488123.2999999998, 4555437], [488206.4000000004, 4555794.5], [489352.9000000004, 4557101], [489451, 4557189]]], 'type': 'polyline', 'spatialReference': {'wkid': 26912}}","{'objectid': 198, 'xid': 198}"
"{'paths': [[[423469.5999999996, 4545135.5], [423743.2999999998, 4544144], [423804.2999999998, 4543971], [423868.0999999996, 4543808.5], [424312.2000000002, 4542909], [424812.2999999998, 4540696], [425494.4000000004, 4539128]]], 'type': 'polyline', 'spatialReference': {'wkid': 26912}}","{'objectid': 199, 'xid': 199}"
"{'paths': [[[420868.0999999996, 4540788], [421034.2000000002, 4540305], [421327.0999999996, 4539914], [422219.4000000004, 4539162]]], 'type': 'polyline', 'spatialReference': {'wkid': 26912}}","{'objectid': 200, 'xid': 200}"
"{'paths': [[[415895.7000000002, 4544758.5], [418765.5, 4540776.5], [419943.4000000004, 4539186]]], 'type': 'polyline', 'spatialReference': {'wkid': 26912}}","{'objectid': 201, 'xid': 201}"
"{'paths': [[[415895.5999999996, 4544805.5], [418647.7000000002, 4540980], [419975.5, 4539186]]], 'type': 'polyline', 'spatialReference': {'wkid': 26912}}","{'objectid': 202, 'xid': 202}"
"{'paths': [[[415900, 4545134.5], [418643.5, 4541403], [420229.5999999996, 4539183]]], 'type': 'polyline', 'spatialReference': {'wkid': 26912}}","{'objectid': 203, 'xid': 203}"
"{'paths': [[[422380.2000000002, 4549013.5], [423347.0999999996, 4545568.5]]], 'type': 'polyline', 'spatialReference': {'wkid': 26912}}","{'objectid': 204, 'xid': 204}"
"{'paths': [[[421061.2999999998, 4553052.5], [421097.0999999996, 4552804.5], [420553.9000000004, 4550272.5], [419499.7000000002, 4547519.5], [419497.7000000002, 4547396.5]]], 'type': 'polyline', 'spatialReference': {'wkid': 26912}}","{'objectid': 205, 'xid': 205}"
"{'paths': [[[421079.0999999996, 4552803.5], [420528.9000000004, 4550270.5], [419478, 4547525.5], [419481, 4547392.5]]], 'type': 'polyline', 'spatialReference': {'wkid': 26912}}","{'objectid': 206, 'xid': 206}"
"{'paths': [[[419497.7000000002, 4547396.5], [419505.7000000002, 4547361.5], [419487.7000000002, 4547357]]], 'type': 'polyline', 'spatialReference': {'wkid': 26912}}","{'objectid': 207, 'xid': 207}"
"{'paths': [[[419481, 4547392.5], [419497.7000000002, 4547396.5]]], 'type': 'polyline', 'spatialReference': {'wkid': 26912}}","{'objectid': 208, 'xid': 208}"
"{'paths': [[[419487.7000000002, 4547357], [419471.5999999996, 4547352.5], [419463.7000000002, 4547388.5], [419481, 4547392.5]]], 'type': 'polyline', 'spatialReference': {'wkid': 26912}}","{'objectid': 209, 'xid': 209}"
"{'paths': [[[416884, 4546805], [416989.7999999998, 4546806.5], [416987.5, 4546716.5], [416883.7000000002, 4546717.5], [416884, 4546805]]], 'type': 'polyline', 'spatialReference': {'wkid': 26912}}","{'objectid': 210, 'xid': 210}"
"{'paths': [[[421126.7000000002, 4553052.5], [421428.5, 4551934.5], [422285.5999999996, 4549337.5]]], 'type': 'polyline', 'spatialReference': {'wkid': 26912}}","{'objectid': 211, 'xid': 211}"
"{'paths': [[[420005.7000000002, 4539186.5], [418920.5999999996, 4540648.5], [415896.7000000002, 4544841.5]]], 'type': 'polyline', 'spatialReference': {'wkid': 26912}}","{'objectid': 212, 'xid': 212}"
"{'paths': [[[419487.7000000002, 4547357], [419497.7999999998, 4547113], [419468.7000000002, 4545981.5], [419313, 4545404.5], [419104.5999999996, 4545114], [419201.9000000004, 4544979.5], [420208.5, 4542726], [420616.9000000004, 4541530.5]]], 'type': 'polyline', 'spatialReference': {'wkid': 26912}}","{'objectid': 213, 'xid': 213}"
"{'paths': [[[435806.2000000002, 4552908.5], [436186.2000000002, 4552352.5], [436964.2000000002, 4551272.5]]], 'type': 'polyline', 'spatialReference': {'wkid': 26912}}","{'objectid': 214, 'xid': 214}"
"{'paths': [[[563009.5999999996, 4539783.5], [562732.5999999996, 4539018.5]]], 'type': 'polyline', 'spatialReference': {'wkid': 26912}}","{'objectid': 215, 'xid': 215}"
"{'paths': [[[423978.0999999996, 4526202.5], [423666.2999999998, 4525269.5]]], 'type': 'polyline', 'spatialReference': {'wkid': 26912}}","{'objectid': 216, 'xid': 216}"
"{'paths': [[[420005.7000000002, 4539186.5], [423457.9000000004, 4534534], [424241.4000000004, 4532611], [423978.0999999996, 4530503.5], [421055, 4525296]]], 'type': 'polyline', 'spatialReference': {'wkid': 26912}}","{'objectid': 217, 'xid': 217}"
"{'paths': [[[425493.0999999996, 4539128], [425829.2999999998, 4538293], [425975, 4537145], [426063.0999999996, 4536652], [425956, 4533798], [423147.0999999996, 4528751.5], [421202.2000000002, 4525295.5]]], 'type': 'polyline', 'spatialReference': {'wkid': 26912}}","{'objectid': 218, 'xid': 218}"
"{'paths': [[[420406.5999999996, 4538931.5], [423476.2000000002, 4534570.5], [424260, 4532614], [423996, 4530497.5], [421080, 4525296.5]]], 'type': 'polyline', 'spatialReference': {'wkid': 26912}}","{'objectid': 219, 'xid': 219}"
"{'paths': [[[430915.2000000002, 4526977.5], [430516.0999999996, 4526915.5], [429337.7000000002, 4526629.5], [429155.2000000002, 4526633.5], [428977.0999999996, 4526698.5], [428877, 4526780.5]]], 'type': 'polyline', 'spatialReference': {'wkid': 26912}}","{'objectid': 220, 'xid': 220}"
"{'paths': [[[562732.5999999996, 4539018.5], [562708.7000000002, 4538956.5], [560517.5, 4538149.5], [560300.5999999996, 4537516.5], [560214.4000000004, 4537146.5], [560150.9000000004, 4536992.5], [559818, 4536649.5], [559678.5999999996, 4536343.5], [559546.5, 4536330.5], [559170.7000000002, 4536048.5], [559137, 4536006.5], [558768.0999999996, 4535500.5], [558650.5999999996, 4535097.5], [558564.7000000002, 4534992.5], [558525, 4534904.5], [558082.0999999996, 4534892.5], [558033.5999999996, 4534927.5], [557995.7999999998, 4534997.5], [557970.5, 4535278.5], [557787.7000000002, 4535743.5], [557755.7999999998, 4535800.5], [557630.5999999996, 4535892.5], [557472.9000000004, 4536103.5], [557251.5, 4536343.5]]], 'type': 'polyline', 'spatialReference': {'wkid': 26912}}","{'objectid': 221, 'xid': 221}"
"{'paths': [[[421531.2000000002, 4513400.5], [421528.9000000004, 4513366.5], [421456.0999999996, 4513367]]], 'type': 'polyline', 'spatialReference': {'wkid': 26912}}","{'objectid': 222, 'xid': 222}"
"{'paths': [[[421470.7000000002, 4513465.5], [421471.0999999996, 4513443.5]]], 'type': 'polyline', 'spatialReference': {'wkid': 26912}}","{'objectid': 223, 'xid': 223}"
"{'paths': [[[421470.7000000002, 4513465.5], [421485.2999999998, 4513443]]], 'type': 'polyline', 'spatialReference': {'wkid': 26912}}","{'objectid': 224, 'xid': 224}"
"{'paths': [[[421485.2999999998, 4513443], [421471.0999999996, 4513443.5]]], 'type': 'polyline', 'spatialReference': {'wkid': 26912}}","{'objectid': 225, 'xid': 225}"
"{'paths': [[[421471.0999999996, 4513443.5], [421460.2000000002, 4513442], [421455.7000000002, 4513392]]], 'type': 'polyline', 'spatialReference': {'wkid': 26912}}","{'objectid': 226, 'xid': 226}"
"{'paths': [[[421455.7000000002, 4513392], [421456.0999999996, 4513367]]], 'type': 'polyline', 'spatialReference': {'wkid': 26912}}","{'objectid': 227, 'xid': 227}"
"{'paths': [[[421531.2000000002, 4513400.5], [421531, 4513443], [421485.2999999998, 4513443]]], 'type': 'polyline', 'spatialReference': {'wkid': 26912}}","{'objectid': 228, 'xid': 228}"
"{'paths': [[[421531.2000000002, 4513400.5], [421782, 4513430]]], 'type': 'polyline', 'spatialReference': {'wkid': 26912}}","{'objectid': 229, 'xid': 229}"
"{'paths': [[[415522.2000000002, 4512108], [416327.9000000004, 4512268.5], [418807.2999999998, 4512237], [419346.9000000004, 4512399.5], [421417, 4513316.5], [421456.0999999996, 4513367]]], 'type': 'polyline', 'spatialReference': {'wkid': 26912}}","{'objectid': 230, 'xid': 230}"
"{'paths': [[[415523.2999999998, 4512204.5], [419064.7999999998, 4512935]]], 'type': 'polyline', 'spatialReference': {'wkid': 26912}}","{'objectid': 231, 'xid': 231}"
"{'paths': [[[421202.7999999998, 4525295.5], [419962.0999999996, 4523112.5], [419200.4000000004, 4521916.5], [419087.4000000004, 4521884.5], [417230.9000000004, 4518884], [416971, 4518490]]], 'type': 'polyline', 'spatialReference': {'wkid': 26912}}","{'objectid': 232, 'xid': 232}"
"{'paths': [[[421080, 4525296.5], [420137.2000000002, 4523611], [416953, 4518490.5]]], 'type': 'polyline', 'spatialReference': {'wkid': 26912}}","{'objectid': 233, 'xid': 233}"
"{'paths': [[[421055, 4525296], [420119.2999999998, 4523618.5], [417177.2999999998, 4518868], [416928.5, 4518488]]], 'type': 'polyline', 'spatialReference': {'wkid': 26912}}","{'objectid': 234, 'xid': 234}"
"{'paths': [[[415523, 4512175], [420332.2999999998, 4513179.5], [421202.2999999998, 4513356.5], [421455.7000000002, 4513392]]], 'type': 'polyline', 'spatialReference': {'wkid': 26912}}","{'objectid': 235, 'xid': 235}"
"{'paths': [[[421470.7000000002, 4513465.5], [421489.0999999996, 4515687], [421488.7000000002, 4515955.5], [421468, 4516006.5], [421476.0999999996, 4516526.5], [422310.7000000002, 4517415.5], [422408.2000000002, 4519159], [422518.9000000004, 4520699], [422445.2000000002, 4520911.5], [422544.0999999996, 4522243.5], [422944.7000000002, 4522665.5], [423229.2000000002, 4523671.5], [423238, 4523780.5], [423666.2999999998, 4525269.5]]], 'type': 'polyline', 'spatialReference': {'wkid': 26912}}","{'objectid': 236, 'xid': 236}"
"{'paths': [[[436649.5999999996, 4514637.5], [436342.2999999998, 4514470], [435978.5, 4514166], [435274.5, 4513769], [434789.4000000004, 4513522], [434550.4000000004, 4513372], [434214.0999999996, 4513126]]], 'type': 'polyline', 'spatialReference': {'wkid': 26912}}","{'objectid': 237, 'xid': 237}"
"{'paths': [[[440890.2999999998, 4511235], [440676.0999999996, 4511348], [440388.5, 4511466], [439950.7999999998, 4511513], [439802.9000000004, 4511613], [439499.2000000002, 4511575], [439227, 4511286], [439170, 4511249]]], 'type': 'polyline', 'spatialReference': {'wkid': 26912}}","{'objectid': 238, 'xid': 238}"
"{'paths': [[[447249, 4521721], [444795.2000000002, 4519822], [444717.0999999996, 4519619.5], [444606.2000000002, 4519494.5], [443874, 4519066], [443684.4000000004, 4518928.5], [443628.2000000002, 4518904], [442897.4000000004, 4518342], [441781.0999999996, 4518026], [441326.2000000002, 4517877], [439033.2000000002, 4516153.5], [438874.2999999998, 4516009], [436649.5999999996, 4514638]]], 'type': 'polyline', 'spatialReference': {'wkid': 26912}}","{'objectid': 239, 'xid': 239}"
"{'paths': [[[439325.2000000002, 4513845], [439335, 4513862.5], [439370.2000000002, 4513840], [439360.5, 4513823]]], 'type': 'polyline', 'spatialReference': {'wkid': 26912}}","{'objectid': 240, 'xid': 240}"
"{'paths': [[[439360.5, 4513823], [439338.9000000004, 4513784], [439302.2999999998, 4513803.5], [439325.2000000002, 4513845]]], 'type': 'polyline', 'spatialReference': {'wkid': 26912}}","{'objectid': 241, 'xid': 241}"
"{'paths': [[[452068, 4525030], [451733.7000000002, 4524350.5], [449966.0999999996, 4522716], [448372.2999999998, 4522594], [447249, 4521721]]], 'type': 'polyline', 'spatialReference': {'wkid': 26912}}","{'objectid': 242, 'xid': 242}"
"{'paths': [[[449514.5999999996, 4511581], [449097.7999999998, 4511577], [448340.9000000004, 4511825], [447529.9000000004, 4511720], [447177.9000000004, 4511753]]], 'type': 'polyline', 'spatialReference': {'wkid': 26912}}","{'objectid': 243, 'xid': 243}"
"{'paths': [[[449517.7000000002, 4511563], [449516.5999999996, 4511593], [449538.5, 4511596], [449539.5999999996, 4511563], [449517.7000000002, 4511563]]], 'type': 'polyline', 'spatialReference': {'wkid': 26912}}","{'objectid': 244, 'xid': 244}"
"{'paths': [[[457736.7000000002, 4512835], [457484.4000000004, 4512198], [456965.7000000002, 4511472], [456622.4000000004, 4511258], [456024.5999999996, 4511130]]], 'type': 'polyline', 'spatialReference': {'wkid': 26912}}","{'objectid': 245, 'xid': 245}"
"{'paths': [[[431232.7000000002, 4507172], [431222.5, 4507192], [431237.5999999996, 4507222], [431375.0999999996, 4507245], [431592.0999999996, 4507227]]], 'type': 'polyline', 'spatialReference': {'wkid': 26912}}","{'objectid': 246, 'xid': 246}"
"{'paths': [[[431942.0999999996, 4507087], [432069.2999999998, 4507043], [432186.4000000004, 4506954], [432398, 4506835], [432452.2999999998, 4506776], [432558.4000000004, 4506751], [432787, 4506656], [433795.4000000004, 4507353], [434522.2000000002, 4507988], [435038.2000000002, 4508412], [435507.9000000004, 4508779], [436029.2000000002, 4509157]]], 'type': 'polyline', 'spatialReference': {'wkid': 26912}}","{'objectid': 247, 'xid': 247}"
"{'paths': [[[436029.2000000002, 4509157], [436434.0999999996, 4509260], [436604.2999999998, 4509274]]], 'type': 'polyline', 'spatialReference': {'wkid': 26912}}","{'objectid': 248, 'xid': 248}"
"{'paths': [[[444900.2999999998, 4510520], [444487.9000000004, 4510494]]], 'type': 'polyline', 'spatialReference': {'wkid': 26912}}","{'objectid': 249, 'xid': 249}"
"{'paths': [[[446228.7999999998, 4510632], [444900.2999999998, 4510520]]], 'type': 'polyline', 'spatialReference': {'wkid': 26912}}","{'objectid': 250, 'xid': 250}"
"{'paths': [[[446502.9000000004, 4510857], [446302.9000000004, 4510639], [446228.7999999998, 4510632]]], 'type': 'polyline', 'spatialReference': {'wkid': 26912}}","{'objectid': 251, 'xid': 251}"
"{'paths': [[[446692.2000000002, 4510942], [446537.2999999998, 4510895], [446502.9000000004, 4510857]]], 'type': 'polyline', 'spatialReference': {'wkid': 26912}}","{'objectid': 252, 'xid': 252}"
"{'paths': [[[447095.7000000002, 4511067], [446692.2000000002, 4510942]]], 'type': 'polyline', 'spatialReference': {'wkid': 26912}}","{'objectid': 253, 'xid': 253}"
"{'paths': [[[446692.2000000002, 4510942], [447173.2000000002, 4511101]]], 'type': 'polyline', 'spatialReference': {'wkid': 26912}}","{'objectid': 254, 'xid': 254}"
"{'paths': [[[446502.9000000004, 4510857], [446548.9000000004, 4510895], [446692.2000000002, 4510942]]], 'type': 'polyline', 'spatialReference': {'wkid': 26912}}","{'objectid': 255, 'xid': 255}"
"{'paths': [[[446228.7999999998, 4510632], [446502.9000000004, 4510857]]], 'type': 'polyline', 'spatialReference': {'wkid': 26912}}","{'objectid': 256, 'xid': 256}"
"{'paths': [[[444900.2999999998, 4510520], [444909.2000000002, 4510500], [446228.7999999998, 4510632]]], 'type': 'polyline', 'spatialReference': {'wkid': 26912}}","{'objectid': 257, 'xid': 257}"
"{'paths': [[[439170, 4511249], [438961.0999999996, 4511146], [438170.0999999996, 4510677], [437884.2000000002, 4510535], [437758.5, 4510304], [436869.4000000004, 4509303], [436615.0999999996, 4509249], [436603, 4509275]]], 'type': 'polyline', 'spatialReference': {'wkid': 26912}}","{'objectid': 258, 'xid': 258}"
"{'paths': [[[444900.2999999998, 4510520], [444854.0999999996, 4510620], [444693.7999999998, 4510635], [444096.2000000002, 4510487], [443439, 4510134], [443023.0999999996, 4510252], [442602.9000000004, 4510556], [442063.7999999998, 4510812], [441782.9000000004, 4510640], [440890.2999999998, 4511235]]], 'type': 'polyline', 'spatialReference': {'wkid': 26912}}","{'objectid': 259, 'xid': 259}"
"{'paths': [[[447589.9000000004, 4511184], [447173.2000000002, 4511101]]], 'type': 'polyline', 'spatialReference': {'wkid': 26912}}","{'objectid': 260, 'xid': 260}"
"{'paths': [[[448478.9000000004, 4511112], [448656.0999999996, 4511026], [448773.0999999996, 4510996], [449278.4000000004, 4511048], [449434.2000000002, 4511131], [450370.7000000002, 4510933], [451674.2999999998, 4510629.5], [451918.5, 4510438], [452058.5, 4510175], [452651.7000000002, 4509242], [452854.0999999996, 4508861], [453103.2000000002, 4508210], [453619.2000000002, 4506648], [453593.5, 4506557.5]]], 'type': 'polyline', 'spatialReference': {'wkid': 26912}}","{'objectid': 261, 'xid': 261}"
"{'paths': [[[457649.2000000002, 4497368], [457358.9000000004, 4497508], [457124.2000000002, 4497306], [457078.7000000002, 4497247.5]]], 'type': 'polyline', 'spatialReference': {'wkid': 26912}}","{'objectid': 262, 'xid': 262}"
"{'paths': [[[454368.7000000002, 4511139], [454581.2999999998, 4511040], [454838.0999999996, 4511113.5], [455730.5, 4511066], [456024.5999999996, 4511130]]], 'type': 'polyline', 'spatialReference': {'wkid': 26912}}","{'objectid': 263, 'xid': 263}"
"{'paths': [[[454526.5, 4511138], [454790.5999999996, 4511040], [455699.2999999998, 4511018.5], [456265.5, 4511128]]], 'type': 'polyline', 'spatialReference': {'wkid': 26912}}","{'objectid': 264, 'xid': 264}"
"{'paths': [[[453360.5, 4506594.5], [453593.5, 4506557.5]]], 'type': 'polyline', 'spatialReference': {'wkid': 26912}}","{'objectid': 265, 'xid': 265}"
"{'paths': [[[453593.5, 4506557.5], [453718.4000000004, 4506536]]], 'type': 'polyline', 'spatialReference': {'wkid': 26912}}","{'objectid': 266, 'xid': 266}"
"{'paths': [[[457665, 4500261], [457598.7000000002, 4500396], [457511.0999999996, 4500645], [457527.7000000002, 4500843], [457510.9000000004, 4500954.5], [457578.2000000002, 4501442], [457571, 4501647], [456787.4000000004, 4501642.5], [456787.5, 4501999.5], [456627.5999999996, 4502109], [456324.0999999996, 4502703.5], [454742.7000000002, 4503701], [453556.5, 4503725.5], [453577.4000000004, 4505529], [453559.7000000002, 4505679], [453605.5999999996, 4506214], [453593.5, 4506557.5]]], 'type': 'polyline', 'spatialReference': {'wkid': 26912}}","{'objectid': 267, 'xid': 267}"
"{'paths': [[[476036.0999999996, 4498766], [475622.9000000004, 4498502], [475080, 4498390], [473156.7999999998, 4497706], [470124.0999999996, 4497184]]], 'type': 'polyline', 'spatialReference': {'wkid': 26912}}","{'objectid': 268, 'xid': 268}"
"{'paths': [[[475987.2000000002, 4498807], [475979.7999999998, 4498731], [476024.2999999998, 4498730], [476027, 4498761], [476063.0999999996, 4498758], [476060.0999999996, 4498808], [475987.2000000002, 4498807]]], 'type': 'polyline', 'spatialReference': {'wkid': 26912}}","{'objectid': 269, 'xid': 269}"
"{'paths': [[[450980.0999999996, 4495694], [450979.2000000002, 4495752], [452530.2000000002, 4495565], [453290.2000000002, 4495195], [454332, 4495194], [455043.7000000002, 4495369], [455484.0999999996, 4495510], [455974.0999999996, 4495965], [456156.5999999996, 4496052], [456552.0999999996, 4496355], [456860, 4497036], [457078, 4497248]]], 'type': 'polyline', 'spatialReference': {'wkid': 26912}}","{'objectid': 270, 'xid': 270}"
"{'paths': [[[450980.0999999996, 4495694], [450968.4000000004, 4495694], [450971.4000000004, 4495650], [450993.2999999998, 4495651], [450993.5999999996, 4495693], [450980.0999999996, 4495694]]], 'type': 'polyline', 'spatialReference': {'wkid': 26912}}","{'objectid': 271, 'xid': 271}"
"{'paths': [[[457285, 4497103], [457241.0999999996, 4495300], [457628.7000000002, 4493883.5]]], 'type': 'polyline', 'spatialReference': {'wkid': 26912}}","{'objectid': 272, 'xid': 272}"
"{'paths': [[[472171, 4663505.5], [471419.4000000004, 4663705]]], 'type': 'polyline', 'spatialReference': {'wkid': 26912}}","{'objectid': 273, 'xid': 273}"
"{'paths': [[[472171, 4663505.5], [472013.2999999998, 4663513.5], [471319.7999999998, 4663705]]], 'type': 'polyline', 'spatialReference': {'wkid': 26912}}","{'objectid': 274, 'xid': 274}"
"{'paths': [[[473933.7999999998, 4663383.5], [472497.9000000004, 4663416.5], [472171, 4663505.5]]], 'type': 'polyline', 'spatialReference': {'wkid': 26912}}","{'objectid': 275, 'xid': 275}"
"{'paths': [[[478182.2000000002, 4661862.5], [477551, 4662329], [477169.5999999996, 4662582], [476821.5, 4662785.5], [476265.2000000002, 4662970], [475417.7000000002, 4663215], [474218.2000000002, 4663381], [473732.0999999996, 4663409], [473609.9000000004, 4663460.5], [472171, 4663505.5]]], 'type': 'polyline', 'spatialReference': {'wkid': 26912}}","{'objectid': 276, 'xid': 276}"
"{'paths': [[[479265.5999999996, 4660901.5], [478411.9000000004, 4661693.5], [478182.2000000002, 4661862.5]]], 'type': 'polyline', 'spatialReference': {'wkid': 26912}}","{'objectid': 277, 'xid': 277}"
"{'paths': [[[479265, 4660706.5], [478320.4000000004, 4661697], [478182.2000000002, 4661862.5]]], 'type': 'polyline', 'spatialReference': {'wkid': 26912}}","{'objectid': 278, 'xid': 278}"
"{'paths': [[[428308.9000000004, 4660238.5], [428348, 4660239], [428361, 4660207.5], [428308.5999999996, 4660207], [428308.9000000004, 4660238.5]]], 'type': 'polyline', 'spatialReference': {'wkid': 26912}}","{'objectid': 279, 'xid': 279}"
"{'paths': [[[359375.0999999996, 4659417], [359493.2999999998, 4665043]]], 'type': 'polyline', 'spatialReference': {'wkid': 26912}}","{'objectid': 280, 'xid': 280}"
"{'paths': [[[479265.5999999996, 4660901.5], [479689.7000000002, 4660518.5], [482024.5999999996, 4659756.5], [488193.2000000002, 4655042]]], 'type': 'polyline', 'spatialReference': {'wkid': 26912}}","{'objectid': 281, 'xid': 281}"
"{'paths': [[[488193.2000000002, 4655042], [489592, 4653971]]], 'type': 'polyline', 'spatialReference': {'wkid': 26912}}","{'objectid': 282, 'xid': 282}"
"{'paths': [[[282446.9000000004, 4650548.5], [285835.2000000002, 4653002.5]]], 'type': 'polyline', 'spatialReference': {'wkid': 26912}}","{'objectid': 283, 'xid': 283}"
"{'paths': [[[396503.2999999998, 4656819.5], [399240.0999999996, 4650482]]], 'type': 'polyline', 'spatialReference': {'wkid': 26912}}","{'objectid': 284, 'xid': 284}"
"{'paths': [[[399240.0999999996, 4650482], [399178.2000000002, 4650622]]], 'type': 'polyline', 'spatialReference': {'wkid': 26912}}","{'objectid': 285, 'xid': 285}"
"{'paths': [[[422843.7999999998, 4664068], [419551.9000000004, 4650224]]], 'type': 'polyline', 'spatialReference': {'wkid': 26912}}","{'objectid': 286, 'xid': 286}"
"{'paths': [[[422876.5999999996, 4664068], [419586.7000000002, 4650223.5]]], 'type': 'polyline', 'spatialReference': {'wkid': 26912}}","{'objectid': 287, 'xid': 287}"
"{'paths': [[[479265, 4660706.5], [479372.5999999996, 4660606.5], [481789.9000000004, 4659791.5], [485647.2000000002, 4654939], [488137.2000000002, 4649863.5], [488157.9000000004, 4649779]]], 'type': 'polyline', 'spatialReference': {'wkid': 26912}}","{'objectid': 288, 'xid': 288}"
"{'paths': [[[318256.5, 4652095], [318531.2999999998, 4651690], [319061.5999999996, 4651138], [321030.5, 4649442.5]]], 'type': 'polyline', 'spatialReference': {'wkid': 26912}}","{'objectid': 289, 'xid': 289}"
"{'paths': [[[321069.5, 4649409.5], [321280.4000000004, 4649246.5], [322493.2999999998, 4648877], [323776.4000000004, 4648709]]], 'type': 'polyline', 'spatialReference': {'wkid': 26912}}","{'objectid': 290, 'xid': 290}"
"{'paths': [[[282446.2000000002, 4650549.5], [278995.2000000002, 4648051.5], [277109, 4647935]]], 'type': 'polyline', 'spatialReference': {'wkid': 26912}}","{'objectid': 291, 'xid': 291}"
"{'paths': [[[495050.0999999996, 4649771], [495342.5, 4649548], [497014.0999999996, 4648857], [497980.2000000002, 4648440.5], [499938.0999999996, 4646801.5]]], 'type': 'polyline', 'spatialReference': {'wkid': 26912}}","{'objectid': 292, 'xid': 292}"
"{'paths': [[[275039.4000000004, 4646529], [275762.5, 4647132], [276061.0999999996, 4647184], [276400, 4647874.5], [276801.0999999996, 4647905]]], 'type': 'polyline', 'spatialReference': {'wkid': 26912}}","{'objectid': 293, 'xid': 293}"
"{'paths': [[[488152.7999999998, 4649779], [488305.2000000002, 4649074], [489575, 4642342.5]]], 'type': 'polyline', 'spatialReference': {'wkid': 26912}}","{'objectid': 294, 'xid': 294}"
"{'paths': [[[419559.5, 4650224.5], [417564.5, 4641839], [417006.4000000004, 4640807]]], 'type': 'polyline', 'spatialReference': {'wkid': 26912}}","{'objectid': 295, 'xid': 295}"
"{'paths': [[[417005.5999999996, 4640738], [417585.5999999996, 4641807], [419587.9000000004, 4650223.5]]], 'type': 'polyline', 'spatialReference': {'wkid': 26912}}","{'objectid': 296, 'xid': 296}"
"{'paths': [[[321179.5, 4640431.5], [321261.5, 4645653], [321335.2000000002, 4648132.5], [321059.5, 4649416.5]]], 'type': 'polyline', 'spatialReference': {'wkid': 26912}}","{'objectid': 297, 'xid': 297}"
"{'paths': [[[273493.2999999998, 4645240], [273161.2999999998, 4644960.5], [272284.4000000004, 4644986], [271960.0999999996, 4640401], [271746.4000000004, 4640162]]], 'type': 'polyline', 'spatialReference': {'wkid': 26912}}","{'objectid': 298, 'xid': 298}"
"{'paths': [[[321165.2000000002, 4639712], [321172.0999999996, 4639960]]], 'type': 'polyline', 'spatialReference': {'wkid': 26912}}","{'objectid': 299, 'xid': 299}"
"{'paths': [[[271746, 4640150], [271228.4000000004, 4639564]]], 'type': 'polyline', 'spatialReference': {'wkid': 26912}}","{'objectid': 300, 'xid': 300}"
"{'paths': [[[321292.2000000002, 4638132], [321136.4000000004, 4638388], [321142.2999999998, 4638649]]], 'type': 'polyline', 'spatialReference': {'wkid': 26912}}","{'objectid': 301, 'xid': 301}"
"{'paths': [[[406594, 4637555.5], [403413.9000000004, 4640872], [399240.0999999996, 4650482]]], 'type': 'polyline', 'spatialReference': {'wkid': 26912}}","{'objectid': 302, 'xid': 302}"
"{'paths': [[[490982.0999999996, 4636720.5], [490384.5, 4638084.5], [489575, 4642342.5]]], 'type': 'polyline', 'spatialReference': {'wkid': 26912}}","{'objectid': 303, 'xid': 303}"
"{'paths': [[[406595.2000000002, 4637555.5], [407595.7000000002, 4636489.5]]], 'type': 'polyline', 'spatialReference': {'wkid': 26912}}","{'objectid': 304, 'xid': 304}"
"{'paths': [[[417005.2000000002, 4640806], [414659.7999999998, 4636402.5]]], 'type': 'polyline', 'spatialReference': {'wkid': 26912}}","{'objectid': 305, 'xid': 305}"
"{'paths': [[[417005.5999999996, 4640738], [414698.4000000004, 4636402]]], 'type': 'polyline', 'spatialReference': {'wkid': 26912}}","{'objectid': 306, 'xid': 306}"
"{'paths': [[[491342.5999999996, 4635896.5], [490982.0999999996, 4636720.5]]], 'type': 'polyline', 'spatialReference': {'wkid': 26912}}","{'objectid': 307, 'xid': 307}"
"{'paths': [[[321292.0999999996, 4638131.5], [321888.7999999998, 4637139], [322018.2999999998, 4634053.5]]], 'type': 'polyline', 'spatialReference': {'wkid': 26912}}","{'objectid': 308, 'xid': 308}"
"{'paths': [[[322018.2999999998, 4634053.5], [322043.7000000002, 4634052.5], [322041.7999999998, 4634005.5], [322005.0999999996, 4634006.5], [322018.2999999998, 4634053.5]]], 'type': 'polyline', 'spatialReference': {'wkid': 26912}}","{'objectid': 309, 'xid': 309}"
"{'paths': [[[416925.0999999996, 4633829.5], [418573.4000000004, 4633796], [427302.9000000004, 4633806.5]]], 'type': 'polyline', 'spatialReference': {'wkid': 26912}}","{'objectid': 310, 'xid': 310}"
"{'paths': [[[271228.4000000004, 4639564], [267319.5, 4635177.5], [265624.0999999996, 4631215.5], [263760.2999999998, 4626615.5]]], 'type': 'polyline', 'spatialReference': {'wkid': 26912}}","{'objectid': 311, 'xid': 311}"
"{'paths': [[[263699.0999999996, 4626473], [263461.7999999998, 4625922.5]]], 'type': 'polyline', 'spatialReference': {'wkid': 26912}}","{'objectid': 312, 'xid': 312}"
"{'paths': [[[491342.5999999996, 4635896.5], [491998.7000000002, 4634423.5], [492463.2999999998, 4631886.5], [492568.2000000002, 4629752.5], [496082.4000000004, 4625425.5], [496157.7999999998, 4625329], [496216.0999999996, 4625210]]], 'type': 'polyline', 'spatialReference': {'wkid': 26912}}","{'objectid': 313, 'xid': 313}"
"{'paths': [[[496234.4000000004, 4625128], [496249, 4625128.5], [496249.7000000002, 4625207], [496216.0999999996, 4625210]]], 'type': 'polyline', 'spatialReference': {'wkid': 26912}}","{'objectid': 314, 'xid': 314}"
"{'paths': [[[496216.0999999996, 4625210], [496201.5, 4625209], [496193.2000000002, 4625129.5], [496234.4000000004, 4625128]]], 'type': 'polyline', 'spatialReference': {'wkid': 26912}}","{'objectid': 315, 'xid': 315}"
"{'paths': [[[395546.2000000002, 4622774], [395262.2000000002, 4623224]]], 'type': 'polyline', 'spatialReference': {'wkid': 26912}}","{'objectid': 316, 'xid': 316}"
"{'paths': [[[395996.5999999996, 4622068.5], [395546.2000000002, 4622774]]], 'type': 'polyline', 'spatialReference': {'wkid': 26912}}","{'objectid': 317, 'xid': 317}"
"{'paths': [[[496234.4000000004, 4625128], [495563.9000000004, 4622579], [495297.2000000002, 4622015]]], 'type': 'polyline', 'spatialReference': {'wkid': 26912}}","{'objectid': 318, 'xid': 318}"
"{'paths': [[[290664.7000000002, 4624660], [289573.5, 4623937], [285258.7000000002, 4620142]]], 'type': 'polyline', 'spatialReference': {'wkid': 26912}}","{'objectid': 319, 'xid': 319}"
"{'paths': [[[406367, 4620085.5], [406363.2000000002, 4620086]]], 'type': 'polyline', 'spatialReference': {'wkid': 26912}}","{'objectid': 320, 'xid': 320}"
"{'paths': [[[395996.5999999996, 4622068.5], [396624.2999999998, 4621072.5], [397543.4000000004, 4619977.5], [398938.7000000002, 4619989]]], 'type': 'polyline', 'spatialReference': {'wkid': 26912}}","{'objectid': 321, 'xid': 321}"
"{'paths': [[[260674, 4619626], [263461.7999999998, 4625922.5]]], 'type': 'polyline', 'spatialReference': {'wkid': 26912}}","{'objectid': 322, 'xid': 322}"
"{'paths': [[[285258.7000000002, 4620142], [282818.5, 4617997]]], 'type': 'polyline', 'spatialReference': {'wkid': 26912}}","{'objectid': 323, 'xid': 323}"
"{'paths': [[[260674, 4619626], [259568, 4617242], [259186.2999999998, 4616120.5]]], 'type': 'polyline', 'spatialReference': {'wkid': 26912}}","{'objectid': 324, 'xid': 324}"
"{'paths': [[[492853.4000000004, 4615897], [492912.5, 4615984], [493945.0999999996, 4618627], [494303.7999999998, 4619607], [494502.7999999998, 4620053], [494735.5999999996, 4620821.5], [495297.2000000002, 4622015]]], 'type': 'polyline', 'spatialReference': {'wkid': 26912}}","{'objectid': 325, 'xid': 325}"
"{'paths': [[[492853.4000000004, 4615897], [493270.9000000004, 4615655.5]]], 'type': 'polyline', 'spatialReference': {'wkid': 26912}}","{'objectid': 326, 'xid': 326}"
"{'paths': [[[259122, 4615926], [258922.2000000002, 4615415]]], 'type': 'polyline', 'spatialReference': {'wkid': 26912}}","{'objectid': 327, 'xid': 327}"
"{'paths': [[[482334.5, 4619047.5], [481719.5999999996, 4618786.5], [484282.4000000004, 4614840], [484262.5999999996, 4613919.5]]], 'type': 'polyline', 'spatialReference': {'wkid': 26912}}","{'objectid': 328, 'xid': 328}"
"{'paths': [[[258869.2999999998, 4615279.5], [258204.7000000002, 4613619.5]]], 'type': 'polyline', 'spatialReference': {'wkid': 26912}}","{'objectid': 329, 'xid': 329}"
"{'paths': [[[258204.7000000002, 4613619.5], [258192.2000000002, 4613590]]], 'type': 'polyline', 'spatialReference': {'wkid': 26912}}","{'objectid': 330, 'xid': 330}"
"{'paths': [[[258192.2000000002, 4613590], [258150.7000000002, 4613603.5], [258163.09999999963, 4613633.5], [258204.7000000002, 4613619.5]]], 'type': 'polyline', 'spatialReference': {'wkid': 26912}}","{'objectid': 331, 'xid': 331}"
"{'paths': [[[381016.2000000002, 4613377.5], [381045.5, 4613378.5], [381046.2000000002, 4613347.5], [381015.0999999996, 4613349], [381016.2000000002, 4613377.5]]], 'type': 'polyline', 'spatialReference': {'wkid': 26912}}","{'objectid': 332, 'xid': 332}"
"{'paths': [[[490890.7000000002, 4613095], [492853.4000000004, 4615897]]], 'type': 'polyline', 'spatialReference': {'wkid': 26912}}","{'objectid': 333, 'xid': 333}"
"{'paths': [[[490890.7000000002, 4613095], [489532.2000000002, 4613086]]], 'type': 'polyline', 'spatialReference': {'wkid': 26912}}","{'objectid': 334, 'xid': 334}"
"{'paths': [[[489532.2000000002, 4613086], [489234.9000000004, 4613075], [488401.0999999996, 4613106.5]]], 'type': 'polyline', 'spatialReference': {'wkid': 26912}}","{'objectid': 335, 'xid': 335}"
"{'paths': [[[258192.2000000002, 4613590], [257964.5, 4613007], [257896.40000000037, 4612213.5]]], 'type': 'polyline', 'spatialReference': {'wkid': 26912}}","{'objectid': 336, 'xid': 336}"
"{'paths': [[[398555.2999999998, 4615102.5], [398583, 4611580]]], 'type': 'polyline', 'spatialReference': {'wkid': 26912}}","{'objectid': 337, 'xid': 337}"
"{'paths': [[[285258.7000000002, 4620142], [285042.9000000004, 4611349]]], 'type': 'polyline', 'spatialReference': {'wkid': 26912}}","{'objectid': 338, 'xid': 338}"
"{'paths': [[[489529.2999999998, 4611154.5], [490890.7000000002, 4613095]]], 'type': 'polyline', 'spatialReference': {'wkid': 26912}}","{'objectid': 339, 'xid': 339}"
"{'paths': [[[406016.0999999996, 4609963], [406234.7000000002, 4609956]]], 'type': 'polyline', 'spatialReference': {'wkid': 26912}}","{'objectid': 340, 'xid': 340}"
"{'paths': [[[401834.2000000002, 4609456], [402152, 4609458.5], [402763.2999999998, 4609684.5], [403743, 4609697.5], [403743.2000000002, 4609527], [404177.7999999998, 4609560.5]]], 'type': 'polyline', 'spatialReference': {'wkid': 26912}}","{'objectid': 341, 'xid': 341}"
"{'paths': [[[383409.7999999998, 4609080], [381511.5999999996, 4610358], [380760.7999999998, 4611504.5], [380752.4000000004, 4612563.5], [381061, 4613357.5], [380777.2000000002, 4616047], [380304.5999999996, 4616724.5], [380312.7000000002, 4618200]]], 'type': 'polyline', 'spatialReference': {'wkid': 26912}}","{'objectid': 342, 'xid': 342}"
"{'paths': [[[396220.2000000002, 4608883.5], [396989.5999999996, 4609470.5], [397022.5999999996, 4609470]]], 'type': 'polyline', 'spatialReference': {'wkid': 26912}}","{'objectid': 343, 'xid': 343}"
"{'paths': [[[397084.9000000004, 4609468], [396341, 4608882]]], 'type': 'polyline', 'spatialReference': {'wkid': 26912}}","{'objectid': 344, 'xid': 344}"
"{'paths': [[[395800.4000000004, 4608515], [396275.5, 4608883]]], 'type': 'polyline', 'spatialReference': {'wkid': 26912}}","{'objectid': 345, 'xid': 345}"
"{'paths': [[[395799.5999999996, 4608460], [396341, 4608882]]], 'type': 'polyline', 'spatialReference': {'wkid': 26912}}","{'objectid': 346, 'xid': 346}"
"{'paths': [[[489529.2999999998, 4611154.5], [489193.7999999998, 4610676], [488493.0999999996, 4608728.5], [488454.7000000002, 4608144.5]]], 'type': 'polyline', 'spatialReference': {'wkid': 26912}}","{'objectid': 347, 'xid': 347}"
"{'paths': [[[385371.7999999998, 4607774], [383409.7999999998, 4609080]]], 'type': 'polyline', 'spatialReference': {'wkid': 26912}}","{'objectid': 348, 'xid': 348}"
"{'paths': [[[385371.7999999998, 4607774], [386038.2999999998, 4607662]]], 'type': 'polyline', 'spatialReference': {'wkid': 26912}}","{'objectid': 349, 'xid': 349}"
"{'paths': [[[395800.4000000004, 4608515], [395722, 4608453.5], [394784.2000000002, 4607061.5], [392294.7000000002, 4605783.5], [392211.9000000004, 4605820]]], 'type': 'polyline', 'spatialReference': {'wkid': 26912}}","{'objectid': 350, 'xid': 350}"
"{'paths': [[[284876.9000000004, 4605226.5], [284892.0999999996, 4605286.5], [285042.9000000004, 4611349]]], 'type': 'polyline', 'spatialReference': {'wkid': 26912}}","{'objectid': 351, 'xid': 351}"
"{'paths': [[[395799.5999999996, 4608460], [395733.4000000004, 4608408], [394736.0999999996, 4606905], [394167.2999999998, 4606191], [393545.2999999998, 4604683]]], 'type': 'polyline', 'spatialReference': {'wkid': 26912}}","{'objectid': 352, 'xid': 352}"
"{'paths': [[[488454.7000000002, 4608144.5], [488417.5, 4607575], [488654.5999999996, 4606769], [488713.4000000004, 4606583], [489245.2999999998, 4605613], [489272.5, 4605474], [489518, 4603381.5]]], 'type': 'polyline', 'spatialReference': {'wkid': 26912}}","{'objectid': 353, 'xid': 353}"
"{'paths': [[[257896.40000000037, 4612213.5], [257789.40000000037, 4610946], [257659.40000000037, 4606353], [257601.2000000002, 4603414.5], [257558.90000000037, 4602348], [257477.2999999998, 4598332.5]]], 'type': 'polyline', 'spatialReference': {'wkid': 26912}}","{'objectid': 354, 'xid': 354}"
"{'paths': [[[490769.2999999998, 4598171], [491177.5, 4598406.5], [499938.2999999998, 4601372.5]]], 'type': 'polyline', 'spatialReference': {'wkid': 26912}}","{'objectid': 355, 'xid': 355}"
"{'paths': [[[489518, 4603381.5], [490056, 4598770.5], [490768.2999999998, 4598386.5], [490769.2999999998, 4598171]]], 'type': 'polyline', 'spatialReference': {'wkid': 26912}}","{'objectid': 356, 'xid': 356}"
"{'paths': [[[490770.5, 4598136], [491185.7000000002, 4598375], [499938.2999999998, 4601340]]], 'type': 'polyline', 'spatialReference': {'wkid': 26912}}","{'objectid': 357, 'xid': 357}"
"{'paths': [[[490769.2999999998, 4598171], [490770.5, 4598136]]], 'type': 'polyline', 'spatialReference': {'wkid': 26912}}","{'objectid': 358, 'xid': 358}"
"{'paths': [[[489509.2999999998, 4597438], [490769.2999999998, 4598171]]], 'type': 'polyline', 'spatialReference': {'wkid': 26912}}","{'objectid': 359, 'xid': 359}"
"{'paths': [[[489509.2999999998, 4597404.5], [490770.5, 4598136]]], 'type': 'polyline', 'spatialReference': {'wkid': 26912}}","{'objectid': 360, 'xid': 360}"
"{'paths': [[[484077.5, 4594275.5], [489509.2999999998, 4597438]]], 'type': 'polyline', 'spatialReference': {'wkid': 26912}}","{'objectid': 361, 'xid': 361}"
"{'paths': [[[489509.2999999998, 4597404.5], [484136.0999999996, 4594275.5]]], 'type': 'polyline', 'spatialReference': {'wkid': 26912}}","{'objectid': 362, 'xid': 362}"
"{'paths': [[[490770.5, 4598136], [490793.9000000004, 4595521], [491574.9000000004, 4594263]]], 'type': 'polyline', 'spatialReference': {'wkid': 26912}}","{'objectid': 363, 'xid': 363}"
"{'paths': [[[483943, 4594203.5], [484077.5, 4594275.5]]], 'type': 'polyline', 'spatialReference': {'wkid': 26912}}","{'objectid': 364, 'xid': 364}"
"{'paths': [[[483731.4000000004, 4594106.5], [483878.5999999996, 4594170.5]]], 'type': 'polyline', 'spatialReference': {'wkid': 26912}}","{'objectid': 365, 'xid': 365}"
"{'paths': [[[483004.7000000002, 4593796.5], [483152, 4593859]]], 'type': 'polyline', 'spatialReference': {'wkid': 26912}}","{'objectid': 366, 'xid': 366}"
"{'paths': [[[482290.0999999996, 4593488], [482482.5999999996, 4593571.5]]], 'type': 'polyline', 'spatialReference': {'wkid': 26912}}","{'objectid': 367, 'xid': 367}"
"{'paths': [[[481947.0999999996, 4593338], [482085.4000000004, 4593399.5]]], 'type': 'polyline', 'spatialReference': {'wkid': 26912}}","{'objectid': 368, 'xid': 368}"
"{'paths': [[[479064.9000000004, 4592100], [480457, 4592700]]], 'type': 'polyline', 'spatialReference': {'wkid': 26912}}","{'objectid': 369, 'xid': 369}"
"{'paths': [[[479064.7999999998, 4592066], [483928.9000000004, 4594159.5], [484136.0999999996, 4594275.5]]], 'type': 'polyline', 'spatialReference': {'wkid': 26912}}","{'objectid': 370, 'xid': 370}"
"{'paths': [[[481428, 4585121], [485866, 4590250]]], 'type': 'polyline', 'spatialReference': {'wkid': 26912}}","{'objectid': 371, 'xid': 371}"
"{'paths': [[[251887.09999999963, 4584626], [255515.7000000002, 4588086.5], [257096.59999999963, 4592399], [257238, 4594685], [257461.59999999963, 4597598.5], [257477.2999999998, 4598332.5]]], 'type': 'polyline', 'spatialReference': {'wkid': 26912}}","{'objectid': 372, 'xid': 372}"
"{'paths': [[[257777, 4585711.5], [257396.5, 4584440.5]]], 'type': 'polyline', 'spatialReference': {'wkid': 26912}}","{'objectid': 373, 'xid': 373}"
"{'paths': [[[261886.2999999998, 4587790.5], [261718.2999999998, 4584296]]], 'type': 'polyline', 'spatialReference': {'wkid': 26912}}","{'objectid': 374, 'xid': 374}"
"{'paths': [[[257396.5, 4584440.5], [257184.59999999963, 4583740], [257169.5, 4583232.5]]], 'type': 'polyline', 'spatialReference': {'wkid': 26912}}","{'objectid': 375, 'xid': 375}"
"{'paths': [[[257169.5, 4583232.5], [259460.2000000002, 4583162]]], 'type': 'polyline', 'spatialReference': {'wkid': 26912}}","{'objectid': 376, 'xid': 376}"
"{'paths': [[[491574.9000000004, 4594263], [495351.4000000004, 4588131.5], [495474.2999999998, 4587881], [495992.5, 4586778], [496973.2000000002, 4583160.5]]], 'type': 'polyline', 'spatialReference': {'wkid': 26912}}","{'objectid': 377, 'xid': 377}"
"{'paths': [[[261718.2999999998, 4584296], [261703.5, 4583963.5], [261941.09999999963, 4583104.5]]], 'type': 'polyline', 'spatialReference': {'wkid': 26912}}","{'objectid': 378, 'xid': 378}"
"{'paths': [[[259460.2000000002, 4583162], [261824.90000000037, 4583088]]], 'type': 'polyline', 'spatialReference': {'wkid': 26912}}","{'objectid': 379, 'xid': 379}"
"{'paths': [[[251887.09999999963, 4584626], [248944.59999999963, 4581824.5]]], 'type': 'polyline', 'spatialReference': {'wkid': 26912}}","{'objectid': 380, 'xid': 380}"
"{'paths': [[[257169.5, 4583232.5], [257143.5, 4582341.5], [256889.2999999998, 4581621]]], 'type': 'polyline', 'spatialReference': {'wkid': 26912}}","{'objectid': 381, 'xid': 381}"
"{'paths': [[[495959.5999999996, 4580382], [495916.2000000002, 4580451], [495941.5, 4586817], [495501, 4587743.5], [495242.5, 4588247], [491536.7000000002, 4594263]]], 'type': 'polyline', 'spatialReference': {'wkid': 26912}}","{'objectid': 382, 'xid': 382}"
"{'paths': [[[497149, 4576064], [497157.7000000002, 4578591], [495959.5999999996, 4580382]]], 'type': 'polyline', 'spatialReference': {'wkid': 26912}}","{'objectid': 383, 'xid': 383}"
"{'paths': [[[499938.0999999996, 4572867], [498029.2000000002, 4573235.5], [497141.2999999998, 4574327.5], [497146.7999999998, 4575386]]], 'type': 'polyline', 'spatialReference': {'wkid': 26912}}","{'objectid': 384, 'xid': 384}"
"{'paths': [[[499181.7999999998, 4566265], [499166.5, 4566504.5]]], 'type': 'polyline', 'spatialReference': {'wkid': 26912}}","{'objectid': 385, 'xid': 385}"
"{'paths': [[[499181.7999999998, 4566265], [499181.7999999998, 4566251.5]]], 'type': 'polyline', 'spatialReference': {'wkid': 26912}}","{'objectid': 386, 'xid': 386}"
"{'paths': [[[412383.0999999996, 4559269.5], [411355.2000000002, 4559374], [412521.7000000002, 4567029.5]]], 'type': 'polyline', 'spatialReference': {'wkid': 26912}}","{'objectid': 387, 'xid': 387}"
"{'paths': [[[411352.2000000002, 4558867], [411352.2999999998, 4559343], [412380.0999999996, 4559239.5]]], 'type': 'polyline', 'spatialReference': {'wkid': 26912}}","{'objectid': 388, 'xid': 388}"
"{'paths': [[[410652.5, 4557282], [410651.5, 4557252], [410689.9000000004, 4557252], [410692.2000000002, 4557282], [410652.5, 4557282]]], 'type': 'polyline', 'spatialReference': {'wkid': 26912}}","{'objectid': 389, 'xid': 389}"
"{'paths': [[[416035.9000000004, 4556968.5], [415756.2000000002, 4557855.5], [415424.2000000002, 4558151.5]]], 'type': 'polyline', 'spatialReference': {'wkid': 26912}}","{'objectid': 390, 'xid': 390}"
"{'paths': [[[415414.4000000004, 4558135.5], [415742.5999999996, 4557842], [416004.0999999996, 4556983], [416035.7000000002, 4556945.5]]], 'type': 'polyline', 'spatialReference': {'wkid': 26912}}","{'objectid': 391, 'xid': 391}"
"{'paths': [[[495409.5, 4556808.5], [495396.2000000002, 4558183.5], [497879, 4561743], [498035.7000000002, 4561927], [498265.4000000004, 4562270.5], [498838.0999999996, 4563410], [498530.7999999998, 4565087], [499181.7999999998, 4566251.5]]], 'type': 'polyline', 'spatialReference': {'wkid': 26912}}","{'objectid': 392, 'xid': 392}"
"{'paths': [[[411360.4000000004, 4554843], [411353.2999999998, 4558588]]], 'type': 'polyline', 'spatialReference': {'wkid': 26912}}","{'objectid': 393, 'xid': 393}"
"{'paths': [[[643137.7999999998, 4554030], [643024.0999999996, 4553846.5]]], 'type': 'polyline', 'spatialReference': {'wkid': 26912}}","{'objectid': 394, 'xid': 394}"
"{'paths': [[[642896.9000000004, 4553638.5], [642822.9000000004, 4553523.5]]], 'type': 'polyline', 'spatialReference': {'wkid': 26912}}","{'objectid': 395, 'xid': 395}"
"{'paths': [[[642731.4000000004, 4553381.5], [642630.7000000002, 4553222]]], 'type': 'polyline', 'spatialReference': {'wkid': 26912}}","{'objectid': 396, 'xid': 396}"
"{'paths': [[[411477.2000000002, 4567042.5], [411437.5, 4563673.5], [411303.0999999996, 4562248], [411266.2999999998, 4560067], [411170.7999999998, 4553633], [411254.7999999998, 4553165.5]]], 'type': 'polyline', 'spatialReference': {'wkid': 26912}}","{'objectid': 397, 'xid': 397}"
"{'paths': [[[411501.5, 4567041.5], [411464.4000000004, 4563675], [411323.2999999998, 4562276], [411192.7000000002, 4553591], [411271.5, 4553165]]], 'type': 'polyline', 'spatialReference': {'wkid': 26912}}","{'objectid': 398, 'xid': 398}"
"{'paths': [[[411522.5999999996, 4567041.5], [411490.0999999996, 4563737.5], [411358.7000000002, 4562404.5], [411324.5999999996, 4561331], [411300.2999999998, 4558120.5], [411217.5, 4553571], [411298.4000000004, 4553165]]], 'type': 'polyline', 'spatialReference': {'wkid': 26912}}","{'objectid': 399, 'xid': 399}"
"{'paths': [[[411363.7000000002, 4553164.5], [411360.0999999996, 4554396]]], 'type': 'polyline', 'spatialReference': {'wkid': 26912}}","{'objectid': 400, 'xid': 400}"
"{'paths': [[[494624.2000000002, 4552629.5], [494748.0999999996, 4552964]]], 'type': 'polyline', 'spatialReference': {'wkid': 26912}}","{'objectid': 401, 'xid': 401}"
"{'paths': [[[412251.7999999998, 4551589.5], [412251.5, 4551561], [412293.0999999996, 4551561], [412293.5, 4551588.5], [412251.7999999998, 4551589.5]]], 'type': 'polyline', 'spatialReference': {'wkid': 26912}}","{'objectid': 402, 'xid': 402}"
"{'paths': [[[412426.7000000002, 4549929], [412425.2999999998, 4549861.5], [412541.2000000002, 4549859], [412541.4000000004, 4549927.5], [412426.7000000002, 4549929]]], 'type': 'polyline', 'spatialReference': {'wkid': 26912}}","{'objectid': 403, 'xid': 403}"
"{'paths': [[[640852.2999999998, 4550407], [640074.7000000002, 4549069]]], 'type': 'polyline', 'spatialReference': {'wkid': 26912}}","{'objectid': 404, 'xid': 404}"
"{'paths': [[[640008.9000000004, 4548955], [639573.4000000004, 4548191]]], 'type': 'polyline', 'spatialReference': {'wkid': 26912}}","{'objectid': 405, 'xid': 405}"
"{'paths': [[[639562.7999999998, 4548175.5], [639215.2999999998, 4547565], [638855.9000000004, 4547211.5]]], 'type': 'polyline', 'spatialReference': {'wkid': 26912}}","{'objectid': 406, 'xid': 406}"
"{'paths': [[[454935, 4545622], [454980.5, 4545628], [454984.2000000002, 4545606.5], [454936.7000000002, 4545601], [454935, 4545622]]], 'type': 'polyline', 'spatialReference': {'wkid': 26912}}","{'objectid': 407, 'xid': 407}"
"{'paths': [[[494624.2000000002, 4552629.5], [494603.7000000002, 4552570.5], [496054.4000000004, 4551592], [496052.5, 4545697.5], [496391.5, 4545529.5], [496808.2999999998, 4545697], [496941.5999999996, 4545641], [496968.5, 4545597]]], 'type': 'polyline', 'spatialReference': {'wkid': 26912}}","{'objectid': 408, 'xid': 408}"
"{'paths': [[[411363.7000000002, 4553164.5], [411369, 4553070], [411725.5999999996, 4551466.5], [412362.2999999998, 4549903.5], [415900.0999999996, 4545137.5]]], 'type': 'polyline', 'spatialReference': {'wkid': 26912}}","{'objectid': 409, 'xid': 409}"
"{'paths': [[[454369.5, 4545619.5], [454305.4000000004, 4545620.5], [454095.5, 4545883.5], [453855.4000000004, 4546030.5], [453697.0999999996, 4546040], [453274.5999999996, 4545929], [452959.5, 4545873.5], [452683.5, 4545730], [451970.9000000004, 4545567.5], [451392.9000000004, 4545413.5], [451118.2000000002, 4545378.5], [450355.5999999996, 4545322], [450294, 4545226.5], [449945.7999999998, 4545030.5], [449884.7999999998, 4545013]]], 'type': 'polyline', 'spatialReference': {'wkid': 26912}}","{'objectid': 410, 'xid': 410}"
"{'paths': [[[449884.7999999998, 4545013], [449899.2000000002, 4545050], [450046.4000000004, 4545212.5], [450495.9000000004, 4545408.5], [450818.2000000002, 4545579], [451227.2000000002, 4545665.5], [451965.4000000004, 4545905.5], [452629.7000000002, 4546039.5], [453057.2999999998, 4546141.5], [453329, 4546224], [453899.9000000004, 4546175.5], [454156.2000000002, 4545957]]], 'type': 'polyline', 'spatialReference': {'wkid': 26912}}","{'objectid': 411, 'xid': 411}"
"{'paths': [[[638842.7000000002, 4547198], [636518.9000000004, 4544910.5]]], 'type': 'polyline', 'spatialReference': {'wkid': 26912}}","{'objectid': 412, 'xid': 412}"
"{'paths': [[[415896.7999999998, 4544854], [412825.7999999998, 4549109.5], [412467.2999999998, 4549627], [411802.9000000004, 4550967.5], [411320.7999999998, 4553164.5]]], 'type': 'polyline', 'spatialReference': {'wkid': 26912}}","{'objectid': 413, 'xid': 413}"
"{'paths': [[[411298.4000000004, 4553165], [411777.7000000002, 4550954], [412458.0999999996, 4549604], [415896.2999999998, 4544811.5]]], 'type': 'polyline', 'spatialReference': {'wkid': 26912}}","{'objectid': 414, 'xid': 414}"
"{'paths': [[[415895.7999999998, 4544765.5], [412753.7000000002, 4549132], [412404.2000000002, 4549653], [411760.7999999998, 4550929.5], [411271.5, 4553165]]], 'type': 'polyline', 'spatialReference': {'wkid': 26912}}","{'objectid': 415, 'xid': 415}"
"{'paths': [[[449652.0999999996, 4544738.5], [449871.0999999996, 4544975], [449884.7999999998, 4545013]]], 'type': 'polyline', 'spatialReference': {'wkid': 26912}}","{'objectid': 416, 'xid': 416}"
"{'paths': [[[449884.7999999998, 4545013], [449455.4000000004, 4544762], [449019.2000000002, 4544541], [448545, 4544589], [447628.5999999996, 4544741], [447413.5, 4544701.5]]], 'type': 'polyline', 'spatialReference': {'wkid': 26912}}","{'objectid': 417, 'xid': 417}"
"{'paths': [[[449367.0999999996, 4544512], [449586.7999999998, 4544661.5], [449652.0999999996, 4544738.5]]], 'type': 'polyline', 'spatialReference': {'wkid': 26912}}","{'objectid': 418, 'xid': 418}"
"{'paths': [[[448967.2999999998, 4544186], [449367.0999999996, 4544512]]], 'type': 'polyline', 'spatialReference': {'wkid': 26912}}","{'objectid': 419, 'xid': 419}"
"{'paths': [[[436964.5999999996, 4551323], [438811.2999999998, 4548773.5], [439798.2999999998, 4547458.5], [440405.9000000004, 4546902], [440550.7000000002, 4546651], [440794.7000000002, 4546384.5], [443176.2000000002, 4545898], [444377.9000000004, 4544073.5], [445277.7000000002, 4544186.5], [446809, 4544546.5], [447019.9000000004, 4544621], [447413.5, 4544701.5]]], 'type': 'polyline', 'spatialReference': {'wkid': 26912}}","{'objectid': 420, 'xid': 420}"
"{'paths': [[[442088.0999999996, 4543923.5], [442110.5, 4543915.5], [442104.5999999996, 4543900.5], [442083.5, 4543908], [442088.0999999996, 4543923.5]]], 'type': 'polyline', 'spatialReference': {'wkid': 26912}}","{'objectid': 421, 'xid': 421}"
"{'paths': [[[447405.4000000004, 4543571], [447817.9000000004, 4543688], [448582.7000000002, 4544016.5], [448814.5, 4544061.5], [448967.2999999998, 4544186]]], 'type': 'polyline', 'spatialReference': {'wkid': 26912}}","{'objectid': 422, 'xid': 422}"
"{'paths': [[[447405.4000000004, 4543571], [446410.4000000004, 4543346], [445348.2999999998, 4542994.5], [444824.2000000002, 4542799]]], 'type': 'polyline', 'spatialReference': {'wkid': 26912}}","{'objectid': 423, 'xid': 423}"
"{'paths': [[[436932.5, 4547598], [437468.9000000004, 4546985], [437878.5999999996, 4546244.5], [438386.5, 4545425], [438579.2000000002, 4545014.5], [438943.7999999998, 4543827.5], [439528.2000000002, 4543231.5], [440073.9000000004, 4542904], [440294.7999999998, 4542788.5], [440458.4000000004, 4542704], [440679.2999999998, 4542664.5], [441051.0999999996, 4542560], [441169.4000000004, 4542676]]], 'type': 'polyline', 'spatialReference': {'wkid': 26912}}","{'objectid': 424, 'xid': 424}"
"{'paths': [[[632134.7999999998, 4539943.5], [632357.9000000004, 4541310.5], [636518.9000000004, 4544910.5]]], 'type': 'polyline', 'spatialReference': {'wkid': 26912}}","{'objectid': 425, 'xid': 425}"
"{'paths': [[[341973, 4528123.5], [339715.2999999998, 4530760]]], 'type': 'polyline', 'spatialReference': {'wkid': 26912}}","{'objectid': 426, 'xid': 426}"
"{'paths': [[[454614, 4527784], [455055.7000000002, 4528027], [456844.9000000004, 4530248.5], [457188.7999999998, 4530495], [457307.7999999998, 4530635.5], [457838.2999999998, 4530615.5]]], 'type': 'polyline', 'spatialReference': {'wkid': 26912}}","{'objectid': 427, 'xid': 427}"
"{'paths': [[[341973, 4528123.5], [343314.9000000004, 4526538.5]]], 'type': 'polyline', 'spatialReference': {'wkid': 26912}}","{'objectid': 428, 'xid': 428}"
"{'paths': [[[452071.2000000002, 4525032], [452995.9000000004, 4526887.5], [454392.7999999998, 4527661.5]]], 'type': 'polyline', 'spatialReference': {'wkid': 26912}}","{'objectid': 429, 'xid': 429}"
"{'paths': [[[466363.9000000004, 4524952], [465514.2000000002, 4528988], [466413.2000000002, 4529136.5]]], 'type': 'polyline', 'spatialReference': {'wkid': 26912}}","{'objectid': 430, 'xid': 430}"
"{'paths': [[[343314.9000000004, 4526538.5], [345537.7999999998, 4523900]]], 'type': 'polyline', 'spatialReference': {'wkid': 26912}}","{'objectid': 431, 'xid': 431}"
"{'paths': [[[466363.9000000004, 4524952], [466281.7000000002, 4522584]]], 'type': 'polyline', 'spatialReference': {'wkid': 26912}}","{'objectid': 432, 'xid': 432}"
"{'paths': [[[466281.7000000002, 4522584], [466247.7000000002, 4521610]]], 'type': 'polyline', 'spatialReference': {'wkid': 26912}}","{'objectid': 433, 'xid': 433}"
"{'paths': [[[346986, 4523429], [347939.0999999996, 4521466], [350043.7999999998, 4520016]]], 'type': 'polyline', 'spatialReference': {'wkid': 26912}}","{'objectid': 434, 'xid': 434}"
"{'paths': [[[350203.7999999998, 4519907.5], [351340.4000000004, 4519128]]], 'type': 'polyline', 'spatialReference': {'wkid': 26912}}","{'objectid': 435, 'xid': 435}"
"{'paths': [[[466247.7000000002, 4521610], [466130.4000000004, 4518195.5], [465420.2000000002, 4516440]]], 'type': 'polyline', 'spatialReference': {'wkid': 26912}}","{'objectid': 436, 'xid': 436}"
"{'paths': [[[415569.9000000004, 4516231.5], [415569.9000000004, 4516230]]], 'type': 'polyline', 'spatialReference': {'wkid': 26912}}","{'objectid': 437, 'xid': 437}"
"{'paths': [[[415569.5999999996, 4516199], [415568.2000000002, 4516197.5]]], 'type': 'polyline', 'spatialReference': {'wkid': 26912}}","{'objectid': 438, 'xid': 438}"
"{'paths': [[[237071, 4515665], [236126.7000000002, 4516424.5]]], 'type': 'polyline', 'spatialReference': {'wkid': 26912}}","{'objectid': 439, 'xid': 439}"
"{'paths': [[[237071, 4515665], [237843.2000000002, 4515047.5], [240630.2000000002, 4514065], [241178.7999999998, 4515031], [242244, 4514651], [242622.5, 4514405.5], [242718.2000000002, 4514375.5]]], 'type': 'polyline', 'spatialReference': {'wkid': 26912}}","{'objectid': 440, 'xid': 440}"
"{'paths': [[[415004.7999999998, 4512538.5], [415050.5, 4512537], [415078.2999999998, 4515460.5], [415570, 4516236.5]]], 'type': 'polyline', 'spatialReference': {'wkid': 26912}}","{'objectid': 441, 'xid': 441}"
"{'paths': [[[415004.5999999996, 4512515.5], [415004.7999999998, 4512538.5]]], 'type': 'polyline', 'spatialReference': {'wkid': 26912}}","{'objectid': 442, 'xid': 442}"
"{'paths': [[[415569.5999999996, 4516206], [415096.2999999998, 4515461], [415068.2999999998, 4512516], [415004.5999999996, 4512515.5]]], 'type': 'polyline', 'spatialReference': {'wkid': 26912}}","{'objectid': 443, 'xid': 443}"
"{'paths': [[[415004.7999999998, 4512538.5], [414981.7000000002, 4512544.5], [414979.7000000002, 4512485], [415005.5, 4512485], [415004.5999999996, 4512515.5]]], 'type': 'polyline', 'spatialReference': {'wkid': 26912}}","{'objectid': 444, 'xid': 444}"
"{'paths': [[[361194.5999999996, 4512299], [352315.4000000004, 4518435]]], 'type': 'polyline', 'spatialReference': {'wkid': 26912}}","{'objectid': 445, 'xid': 445}"
"{'paths': [[[414929.7999999998, 4512290.5], [414929.0999999996, 4512343], [414964.5999999996, 4512342], [414963.7000000002, 4512324.5], [415015.2000000002, 4512324.5], [415014.4000000004, 4512193]]], 'type': 'polyline', 'spatialReference': {'wkid': 26912}}","{'objectid': 446, 'xid': 446}"
"{'paths': [[[415100, 4512192], [415134.2999999998, 4515460.5], [415569.2000000002, 4516168]]], 'type': 'polyline', 'spatialReference': {'wkid': 26912}}","{'objectid': 447, 'xid': 447}"
"{'paths': [[[415100, 4512192], [415014.4000000004, 4512193]]], 'type': 'polyline', 'spatialReference': {'wkid': 26912}}","{'objectid': 448, 'xid': 448}"
"{'paths': [[[414997.5999999996, 4512190.5], [415014.4000000004, 4512193]]], 'type': 'polyline', 'spatialReference': {'wkid': 26912}}","{'objectid': 449, 'xid': 449}"
"{'paths': [[[414929.7999999998, 4512290.5], [414929.2999999998, 4512191.5], [414997.5999999996, 4512190.5]]], 'type': 'polyline', 'spatialReference': {'wkid': 26912}}","{'objectid': 450, 'xid': 450}"
"{'paths': [[[415099, 4512155.5], [415100, 4512192]]], 'type': 'polyline', 'spatialReference': {'wkid': 26912}}","{'objectid': 451, 'xid': 451}"
"{'paths': [[[415099, 4512155.5], [415027.5, 4512156], [414997.5999999996, 4512190.5]]], 'type': 'polyline', 'spatialReference': {'wkid': 26912}}","{'objectid': 452, 'xid': 452}"
"{'paths': [[[415178.7000000002, 4512147.5], [415130.2999999998, 4512192.5], [415100, 4512192]]], 'type': 'polyline', 'spatialReference': {'wkid': 26912}}","{'objectid': 453, 'xid': 453}"
"{'paths': [[[415523.4000000004, 4512208], [415227.7000000002, 4512146]]], 'type': 'polyline', 'spatialReference': {'wkid': 26912}}","{'objectid': 454, 'xid': 454}"
"{'paths': [[[415178.7000000002, 4512147.5], [415136.2000000002, 4512145]]], 'type': 'polyline', 'spatialReference': {'wkid': 26912}}","{'objectid': 455, 'xid': 455}"
"{'paths': [[[415136.2000000002, 4512145], [415099, 4512155.5]]], 'type': 'polyline', 'spatialReference': {'wkid': 26912}}","{'objectid': 456, 'xid': 456}"
"{'paths': [[[415136.2000000002, 4512145], [415098.7999999998, 4512141.5]]], 'type': 'polyline', 'spatialReference': {'wkid': 26912}}","{'objectid': 457, 'xid': 457}"
"{'paths': [[[415098.7999999998, 4512141.5], [415099, 4512155.5]]], 'type': 'polyline', 'spatialReference': {'wkid': 26912}}","{'objectid': 458, 'xid': 458}"
"{'paths': [[[415227.7000000002, 4512146], [415189.5999999996, 4512137.5]]], 'type': 'polyline', 'spatialReference': {'wkid': 26912}}","{'objectid': 459, 'xid': 459}"
"{'paths': [[[415189.5999999996, 4512137.5], [415178.7000000002, 4512147.5]]], 'type': 'polyline', 'spatialReference': {'wkid': 26912}}","{'objectid': 460, 'xid': 460}"
"{'paths': [[[415189.5999999996, 4512137.5], [415171.5, 4512134]]], 'type': 'polyline', 'spatialReference': {'wkid': 26912}}","{'objectid': 461, 'xid': 461}"
"{'paths': [[[415171.5, 4512134], [415136.2000000002, 4512145]]], 'type': 'polyline', 'spatialReference': {'wkid': 26912}}","{'objectid': 462, 'xid': 462}"
"{'paths': [[[415523.0999999996, 4512181.5], [415315.7000000002, 4512132]]], 'type': 'polyline', 'spatialReference': {'wkid': 26912}}","{'objectid': 463, 'xid': 463}"
"{'paths': [[[415315.7000000002, 4512132], [415227.7000000002, 4512146]]], 'type': 'polyline', 'spatialReference': {'wkid': 26912}}","{'objectid': 464, 'xid': 464}"
"{'paths': [[[415171.5, 4512134], [415099.7999999998, 4512118]]], 'type': 'polyline', 'spatialReference': {'wkid': 26912}}","{'objectid': 465, 'xid': 465}"
"{'paths': [[[415099.7999999998, 4512118], [415098.7999999998, 4512141.5]]], 'type': 'polyline', 'spatialReference': {'wkid': 26912}}","{'objectid': 466, 'xid': 466}"
"{'paths': [[[415522.2999999998, 4512115], [415315.7000000002, 4512132]]], 'type': 'polyline', 'spatialReference': {'wkid': 26912}}","{'objectid': 467, 'xid': 467}"
"{'paths': [[[415315.7000000002, 4512132], [415235.7000000002, 4512112.5]]], 'type': 'polyline', 'spatialReference': {'wkid': 26912}}","{'objectid': 468, 'xid': 468}"
"{'paths': [[[415235.7000000002, 4512112.5], [415171.5, 4512134]]], 'type': 'polyline', 'spatialReference': {'wkid': 26912}}","{'objectid': 469, 'xid': 469}"
"{'paths': [[[415235.7000000002, 4512112.5], [415149.7999999998, 4512094], [415099.7999999998, 4512118]]], 'type': 'polyline', 'spatialReference': {'wkid': 26912}}","{'objectid': 470, 'xid': 470}"
"{'paths': [[[414696.2999999998, 4511923], [414698.5999999996, 4512288.5], [414929.7999999998, 4512290.5]]], 'type': 'polyline', 'spatialReference': {'wkid': 26912}}","{'objectid': 471, 'xid': 471}"
"{'paths': [[[415517.9000000004, 4511728.5], [415235.7000000002, 4512112.5]]], 'type': 'polyline', 'spatialReference': {'wkid': 26912}}","{'objectid': 472, 'xid': 472}"
"{'paths': [[[252815.2000000002, 4513383], [253797.90000000037, 4513353.5], [253490.59999999963, 4511716]]], 'type': 'polyline', 'spatialReference': {'wkid': 26912}}","{'objectid': 473, 'xid': 473}"
"{'paths': [[[415518.0999999996, 4511685.5], [415237.7999999998, 4512078], [415235.7000000002, 4512112.5]]], 'type': 'polyline', 'spatialReference': {'wkid': 26912}}","{'objectid': 474, 'xid': 474}"
"{'paths': [[[413027.7000000002, 4511510], [413047.7999999998, 4512402], [415015, 4512414]]], 'type': 'polyline', 'spatialReference': {'wkid': 26912}}","{'objectid': 475, 'xid': 475}"
"{'paths': [[[413800.5999999996, 4511501], [414498.5, 4511863], [414696.2999999998, 4511923]]], 'type': 'polyline', 'spatialReference': {'wkid': 26912}}","{'objectid': 476, 'xid': 476}"
"{'paths': [[[413873.2999999998, 4511500], [414696.2999999998, 4511923]]], 'type': 'polyline', 'spatialReference': {'wkid': 26912}}","{'objectid': 477, 'xid': 477}"
"{'paths': [[[415098.7999999998, 4512141.5], [415065.2999999998, 4512139], [415056.5, 4511987.5], [414426.5999999996, 4511494]]], 'type': 'polyline', 'spatialReference': {'wkid': 26912}}","{'objectid': 478, 'xid': 478}"
"{'paths': [[[362734.0999999996, 4511444.5], [361631.7000000002, 4512035.5], [361257, 4512298]]], 'type': 'polyline', 'spatialReference': {'wkid': 26912}}","{'objectid': 479, 'xid': 479}"
"{'paths': [[[413054.7999999998, 4511134], [413769, 4511501]]], 'type': 'polyline', 'spatialReference': {'wkid': 26912}}","{'objectid': 480, 'xid': 480}"
"{'paths': [[[413059.2000000002, 4511509.5], [413054.7999999998, 4511134]]], 'type': 'polyline', 'spatialReference': {'wkid': 26912}}","{'objectid': 481, 'xid': 481}"
"{'paths': [[[413054.2999999998, 4511093], [413840.5, 4511500.5]]], 'type': 'polyline', 'spatialReference': {'wkid': 26912}}","{'objectid': 482, 'xid': 482}"
"{'paths': [[[413054.7999999998, 4511134], [413054.2999999998, 4511093]]], 'type': 'polyline', 'spatialReference': {'wkid': 26912}}","{'objectid': 483, 'xid': 483}"
"{'paths': [[[465420.2000000002, 4516440], [465386.2999999998, 4516355], [465484.5999999996, 4513691], [465801.2999999998, 4513132.5], [466430.0999999996, 4511076]]], 'type': 'polyline', 'spatialReference': {'wkid': 26912}}","{'objectid': 484, 'xid': 484}"
"{'paths': [[[362727.9000000004, 4511074], [361975.2000000002, 4511762], [361194.5999999996, 4512299]]], 'type': 'polyline', 'spatialReference': {'wkid': 26912}}","{'objectid': 485, 'xid': 485}"
"{'paths': [[[413054.2999999998, 4511093], [413042.5999999996, 4510479.5]]], 'type': 'polyline', 'spatialReference': {'wkid': 26912}}","{'objectid': 486, 'xid': 486}"
"{'paths': [[[400169.7000000002, 4510323], [400288.5999999996, 4510442.5], [400581.7000000002, 4511201.5]]], 'type': 'polyline', 'spatialReference': {'wkid': 26912}}","{'objectid': 487, 'xid': 487}"
"{'paths': [[[408785.2999999998, 4508908.5], [408949.7999999998, 4508970], [413054.2999999998, 4511093]]], 'type': 'polyline', 'spatialReference': {'wkid': 26912}}","{'objectid': 488, 'xid': 488}"
"{'paths': [[[408785.2999999998, 4508908.5], [409054.7000000002, 4509064], [413054.7999999998, 4511134]]], 'type': 'polyline', 'spatialReference': {'wkid': 26912}}","{'objectid': 489, 'xid': 489}"
"{'paths': [[[396071, 4507966], [396908.5999999996, 4508455], [397935.5999999996, 4508571], [398546.2000000002, 4508969.5], [399516.0999999996, 4509681.5], [399750.5999999996, 4509918]]], 'type': 'polyline', 'spatialReference': {'wkid': 26912}}","{'objectid': 490, 'xid': 490}"
"{'paths': [[[396071, 4507966], [396700.5999999996, 4508463], [397421.7000000002, 4509112], [398014.0999999996, 4509499]]], 'type': 'polyline', 'spatialReference': {'wkid': 26912}}","{'objectid': 491, 'xid': 491}"
"{'paths': [[[395905.5999999996, 4507841.5], [396071, 4507966]]], 'type': 'polyline', 'spatialReference': {'wkid': 26912}}","{'objectid': 492, 'xid': 492}"
"{'paths': [[[405747.7999999998, 4507814.5], [406099.7000000002, 4508018], [408123.2000000002, 4508001], [408785.2999999998, 4508908.5]]], 'type': 'polyline', 'spatialReference': {'wkid': 26912}}","{'objectid': 493, 'xid': 493}"
"{'paths': [[[405081.9000000004, 4507296], [405062.5, 4507194.5]]], 'type': 'polyline', 'spatialReference': {'wkid': 26912}}","{'objectid': 494, 'xid': 494}"
"{'paths': [[[394493.4000000004, 4507076.5], [394661.4000000004, 4507193], [395347.9000000004, 4507555.5], [396071, 4507966]]], 'type': 'polyline', 'spatialReference': {'wkid': 26912}}","{'objectid': 495, 'xid': 495}"
"{'paths': [[[394341.7000000002, 4506967], [394493.4000000004, 4507076.5]]], 'type': 'polyline', 'spatialReference': {'wkid': 26912}}","{'objectid': 496, 'xid': 496}"
"{'paths': [[[394443.7000000002, 4506937.5], [395348.7999999998, 4507530], [395905.5999999996, 4507841.5]]], 'type': 'polyline', 'spatialReference': {'wkid': 26912}}","{'objectid': 497, 'xid': 497}"
"{'paths': [[[394340.2999999998, 4506869.5], [394443.7000000002, 4506937.5]]], 'type': 'polyline', 'spatialReference': {'wkid': 26912}}","{'objectid': 498, 'xid': 498}"
"{'paths': [[[394339.7000000002, 4506827.5], [395363.2000000002, 4507498.5], [396175.0999999996, 4507944], [396679.5999999996, 4508023], [397451.5, 4508049.5], [398127.7000000002, 4508198.5], [398982.2000000002, 4507619], [400792.7999999998, 4507430.5], [402214.7000000002, 4507478], [402810.4000000004, 4507342], [403613.5999999996, 4507203], [404565.7000000002, 4507156.5], [404905.5, 4507163]]], 'type': 'polyline', 'spatialReference': {'wkid': 26912}}","{'objectid': 499, 'xid': 499}"
"{'paths': [[[362727.9000000004, 4511074], [363253.4000000004, 4510600], [363566.5999999996, 4510286], [364076.9000000004, 4509855], [367407.7999999998, 4506829.5], [367531.2999999998, 4506596.5]]], 'type': 'polyline', 'spatialReference': {'wkid': 26912}}","{'objectid': 500, 'xid': 500}"
"{'paths': [[[394340.2999999998, 4506869.5], [394210, 4506775], [394013, 4506251.5], [394056.7000000002, 4506059]]], 'type': 'polyline', 'spatialReference': {'wkid': 26912}}","{'objectid': 501, 'xid': 501}"
"{'paths': [[[394341.7000000002, 4506967], [394198.5, 4506871], [393946.7000000002, 4506122], [393950.7000000002, 4506040]]], 'type': 'polyline', 'spatialReference': {'wkid': 26912}}","{'objectid': 502, 'xid': 502}"
"{'paths': [[[253505.7000000002, 4511706.5], [253532.40000000037, 4511498.5], [254657, 4508318.5], [256064.40000000037, 4505638]]], 'type': 'polyline', 'spatialReference': {'wkid': 26912}}","{'objectid': 503, 'xid': 503}"
"{'paths': [[[394056.7000000002, 4506059], [394235.4000000004, 4505253.5]]], 'type': 'polyline', 'spatialReference': {'wkid': 26912}}","{'objectid': 504, 'xid': 504}"
"{'paths': [[[394339.7000000002, 4506827.5], [394238.0999999996, 4506756.5], [394145.0999999996, 4506378.5], [394313.0999999996, 4504961.5]]], 'type': 'polyline', 'spatialReference': {'wkid': 26912}}","{'objectid': 505, 'xid': 505}"
"{'paths': [[[362734.0999999996, 4511444.5], [362888, 4511368.5], [363080.5, 4511009.5], [363430.0999999996, 4510503.5], [367561.2000000002, 4506751.5], [373176.5999999996, 4504726]]], 'type': 'polyline', 'spatialReference': {'wkid': 26912}}","{'objectid': 506, 'xid': 506}"
"{'paths': [[[367531.2999999998, 4506596.5], [368937, 4504041.5]]], 'type': 'polyline', 'spatialReference': {'wkid': 26912}}","{'objectid': 507, 'xid': 507}"
"{'paths': [[[394290.4000000004, 4503365.5], [394395.0999999996, 4504289], [394313.0999999996, 4504961.5]]], 'type': 'polyline', 'spatialReference': {'wkid': 26912}}","{'objectid': 508, 'xid': 508}"
"{'paths': [[[383683.9000000004, 4500931], [380586, 4502043], [379106.4000000004, 4503452], [376698.5999999996, 4503449.5], [373176.5999999996, 4504726]]], 'type': 'polyline', 'spatialReference': {'wkid': 26912}}","{'objectid': 509, 'xid': 509}"
"{'paths': [[[383683.9000000004, 4500931], [385443.4000000004, 4500266], [387281.7999999998, 4501423], [388305.2999999998, 4501397.5], [391776.2000000002, 4503664.5], [392291.9000000004, 4504136.5], [392458.9000000004, 4504131.5]]], 'type': 'polyline', 'spatialReference': {'wkid': 26912}}","{'objectid': 510, 'xid': 510}"
"{'paths': [[[466427.5999999996, 4511076.5], [466515.0999999996, 4510772.5], [462154.7000000002, 4504493], [461602.0999999996, 4503732.5], [460550.9000000004, 4502214.5], [458563.2000000002, 4500318], [457774.7999999998, 4499834]]], 'type': 'polyline', 'spatialReference': {'wkid': 26912}}","{'objectid': 511, 'xid': 511}"
"{'paths': [[[629055.0999999996, 4498245.5], [629055.0999999996, 4498244.5]]], 'type': 'polyline', 'spatialReference': {'wkid': 26912}}","{'objectid': 512, 'xid': 512}"
"{'paths': [[[393653.5, 4497883.5], [393648.2000000002, 4498147], [394290.4000000004, 4503365.5]]], 'type': 'polyline', 'spatialReference': {'wkid': 26912}}","{'objectid': 513, 'xid': 513}"
"{'paths': [[[407444, 4497699.5], [407485.4000000004, 4497970], [407113.2000000002, 4501241], [408058.2000000002, 4502075]]], 'type': 'polyline', 'spatialReference': {'wkid': 26912}}","{'objectid': 514, 'xid': 514}"
"{'paths': [[[405062.5, 4507194.5], [405662.7999999998, 4506145], [410920, 4501956], [409343, 4497676]]], 'type': 'polyline', 'spatialReference': {'wkid': 26912}}","{'objectid': 515, 'xid': 515}"
"{'paths': [[[413042.5999999996, 4510479.5], [412885, 4497633.5]]], 'type': 'polyline', 'spatialReference': {'wkid': 26912}}","{'objectid': 516, 'xid': 516}"
"{'paths': [[[470130.5999999996, 4497185], [470129.2999999998, 4497185]]], 'type': 'polyline', 'spatialReference': {'wkid': 26912}}","{'objectid': 517, 'xid': 517}"
"{'paths': [[[407444, 4497699.5], [407314.2999999998, 4496978]]], 'type': 'polyline', 'spatialReference': {'wkid': 26912}}","{'objectid': 518, 'xid': 518}"
"{'paths': [[[468219.0999999996, 4496840], [470118.9000000004, 4497184]]], 'type': 'polyline', 'spatialReference': {'wkid': 26912}}","{'objectid': 519, 'xid': 519}"
"{'paths': [[[471634, 4497179.5], [470202.7999999998, 4495739], [469790.2000000002, 4494725]]], 'type': 'polyline', 'spatialReference': {'wkid': 26912}}","{'objectid': 520, 'xid': 520}"
"{'paths': [[[629066.7000000002, 4498244], [629081.4000000004, 4497952.5], [629825.0999999996, 4495623], [629530.9000000004, 4494414.5]]], 'type': 'polyline', 'spatialReference': {'wkid': 26912}}","{'objectid': 521, 'xid': 521}"
"{'paths': [[[626875.7999999998, 4494234.5], [627345.5999999996, 4495389], [627548.5999999996, 4495567.5]]], 'type': 'polyline', 'spatialReference': {'wkid': 26912}}","{'objectid': 522, 'xid': 522}"
"{'paths': [[[629530.9000000004, 4494414.5], [629498, 4494265.5], [629533.4000000004, 4493789.5]]], 'type': 'polyline', 'spatialReference': {'wkid': 26912}}","{'objectid': 523, 'xid': 523}"
"{'paths': [[[637470.0999999996, 4493594.5], [642642.2000000002, 4496834], [642627.7999999998, 4498492.5]]], 'type': 'polyline', 'spatialReference': {'wkid': 26912}}","{'objectid': 524, 'xid': 524}"
"{'paths': [[[629533.4000000004, 4493789.5], [629571.0999999996, 4493258], [628789.0999999996, 4492800]]], 'type': 'polyline', 'spatialReference': {'wkid': 26912}}","{'objectid': 525, 'xid': 525}"
"{'paths': [[[628789.0999999996, 4492800], [626919.0999999996, 4491690.5]]], 'type': 'polyline', 'spatialReference': {'wkid': 26912}}","{'objectid': 526, 'xid': 526}"
"{'paths': [[[409343, 4497676], [409157.7000000002, 4497188], [406343.5999999996, 4492205.5], [405782.2999999998, 4491540.5], [405245.5999999996, 4490986.5], [404820.7000000002, 4490791], [404694.5, 4490676.5]]], 'type': 'polyline', 'spatialReference': {'wkid': 26912}}","{'objectid': 527, 'xid': 527}"
"{'paths': [[[404280.7000000002, 4490291.5], [404694.5, 4490676.5]]], 'type': 'polyline', 'spatialReference': {'wkid': 26912}}","{'objectid': 528, 'xid': 528}"
"{'paths': [[[412885, 4497633.5], [412797.2999999998, 4489753], [415231.5, 4486500.5]]], 'type': 'polyline', 'spatialReference': {'wkid': 26912}}","{'objectid': 529, 'xid': 529}"
"{'paths': [[[634115.0999999996, 4484454], [635914.9000000004, 4490456.5], [637344.2000000002, 4493514.5], [637470.0999999996, 4493594.5]]], 'type': 'polyline', 'spatialReference': {'wkid': 26912}}","{'objectid': 530, 'xid': 530}"
"{'paths': [[[621364.0999999996, 4484237.5], [621364.0999999996, 4484236]]], 'type': 'polyline', 'spatialReference': {'wkid': 26912}}","{'objectid': 531, 'xid': 531}"
"{'paths': [[[619527.4000000004, 4484207.5], [619526.0999999996, 4484206.5]]], 'type': 'polyline', 'spatialReference': {'wkid': 26912}}","{'objectid': 532, 'xid': 532}"
"{'paths': [[[393653.5, 4497883.5], [393660.4000000004, 4497512], [393823.0999999996, 4494569], [392218.7000000002, 4491144], [392224.5999999996, 4487391], [390031.2999999998, 4485659], [389213.5, 4485621], [388207.7000000002, 4484465.5], [387906.5999999996, 4484089.5]]], 'type': 'polyline', 'spatialReference': {'wkid': 26912}}","{'objectid': 533, 'xid': 533}"
"{'paths': [[[626077.2000000002, 4484314], [627059.5, 4483438.5]]], 'type': 'polyline', 'spatialReference': {'wkid': 26912}}","{'objectid': 534, 'xid': 534}"
"{'paths': [[[633658.5, 4483082], [633971.7000000002, 4483976.5], [634115.0999999996, 4484454]]], 'type': 'polyline', 'spatialReference': {'wkid': 26912}}","{'objectid': 535, 'xid': 535}"
"{'paths': [[[633000.2000000002, 4481219.5], [633658.5, 4483082]]], 'type': 'polyline', 'spatialReference': {'wkid': 26912}}","{'objectid': 536, 'xid': 536}"
"{'paths': [[[627102.4000000004, 4480911], [626137.5999999996, 4481920], [626048.0999999996, 4484313.5]]], 'type': 'polyline', 'spatialReference': {'wkid': 26912}}","{'objectid': 537, 'xid': 537}"
"{'paths': [[[627059.5, 4483438.5], [629560.5, 4481164.5], [629588.7000000002, 4480465.5]]], 'type': 'polyline', 'spatialReference': {'wkid': 26912}}","{'objectid': 538, 'xid': 538}"
"{'paths': [[[419575.4000000004, 4480304.5], [418329.2000000002, 4482341.5], [417316.7000000002, 4483706]]], 'type': 'polyline', 'spatialReference': {'wkid': 26912}}","{'objectid': 539, 'xid': 539}"
"{'paths': [[[419623.7000000002, 4480222.5], [419575.4000000004, 4480304.5]]], 'type': 'polyline', 'spatialReference': {'wkid': 26912}}","{'objectid': 540, 'xid': 540}"
"{'paths': [[[619523.5999999996, 4484205.5], [618865.0999999996, 4483647.5], [616515.2999999998, 4480098.5]]], 'type': 'polyline', 'spatialReference': {'wkid': 26912}}","{'objectid': 541, 'xid': 541}"
"{'paths': [[[628091.5, 4479902], [627102.4000000004, 4480911]]], 'type': 'polyline', 'spatialReference': {'wkid': 26912}}","{'objectid': 542, 'xid': 542}"
"{'paths': [[[425738.5, 4478221.5], [424488.0999999996, 4478567], [423426, 4479352], [422527.5999999996, 4480490], [422498.5, 4481051], [422435.5, 4483651.5]]], 'type': 'polyline', 'spatialReference': {'wkid': 26912}}","{'objectid': 543, 'xid': 543}"
"{'paths': [[[629588.7000000002, 4480465.5], [629656, 4478749], [629901.7000000002, 4478393], [629925.2000000002, 4478044]]], 'type': 'polyline', 'spatialReference': {'wkid': 26912}}","{'objectid': 544, 'xid': 544}"
"{'paths': [[[629925.2000000002, 4478044], [628091.5, 4479902]]], 'type': 'polyline', 'spatialReference': {'wkid': 26912}}","{'objectid': 545, 'xid': 545}"
"{'paths': [[[432716.9000000004, 4478128], [432505.7000000002, 4477958], [432473.2999999998, 4477955]]], 'type': 'polyline', 'spatialReference': {'wkid': 26912}}","{'objectid': 546, 'xid': 546}"
"{'paths': [[[425733.2999999998, 4478218], [425996.7000000002, 4478163], [427320.9000000004, 4477798], [428746.2000000002, 4477850], [431161.2999999998, 4477902], [432473.2999999998, 4477955]]], 'type': 'polyline', 'spatialReference': {'wkid': 26912}}","{'objectid': 547, 'xid': 547}"
"{'paths': [[[385892.4000000004, 4481342.5], [385341, 4480228.5], [385319.4000000004, 4476960.5], [385659.5, 4476296]]], 'type': 'polyline', 'spatialReference': {'wkid': 26912}}","{'objectid': 548, 'xid': 548}"
"{'paths': [[[613928.0999999996, 4476171], [616515.2999999998, 4480098.5]]], 'type': 'polyline', 'spatialReference': {'wkid': 26912}}","{'objectid': 549, 'xid': 549}"
"{'paths': [[[385740.5999999996, 4476140.5], [386865.7000000002, 4473951.5]]], 'type': 'polyline', 'spatialReference': {'wkid': 26912}}","{'objectid': 550, 'xid': 550}"
"{'paths': [[[591977.4000000004, 4473524], [593269.7000000002, 4473526], [595398.2000000002, 4473563]]], 'type': 'polyline', 'spatialReference': {'wkid': 26912}}","{'objectid': 551, 'xid': 551}"
"{'paths': [[[633714.5999999996, 4473377.5], [634515.2999999998, 4473368.5]]], 'type': 'polyline', 'spatialReference': {'wkid': 26912}}","{'objectid': 552, 'xid': 552}"
"{'paths': [[[595398.2000000002, 4473563], [604115.5999999996, 4473695], [605371.7000000002, 4473331.5], [606010, 4473344]]], 'type': 'polyline', 'spatialReference': {'wkid': 26912}}","{'objectid': 553, 'xid': 553}"
"{'paths': [[[634515.2999999998, 4473368.5], [636713.2000000002, 4473352], [637844.7000000002, 4473249]]], 'type': 'polyline', 'spatialReference': {'wkid': 26912}}","{'objectid': 554, 'xid': 554}"
"{'paths': [[[590398.4000000004, 4473131], [591668.5999999996, 4473522], [591977.4000000004, 4473524]]], 'type': 'polyline', 'spatialReference': {'wkid': 26912}}","{'objectid': 555, 'xid': 555}"
"{'paths': [[[630351.2000000002, 4473050.5], [630353.4000000004, 4473445], [631478.2000000002, 4473523.5], [632071.2000000002, 4473396.5], [633455.5, 4473381.5]]], 'type': 'polyline', 'spatialReference': {'wkid': 26912}}","{'objectid': 556, 'xid': 556}"
"{'paths': [[[630294.7999999998, 4473049.5], [629976, 4477989.5], [629925.2000000002, 4478044]]], 'type': 'polyline', 'spatialReference': {'wkid': 26912}}","{'objectid': 557, 'xid': 557}"
"{'paths': [[[630319.5, 4473048], [630351.2000000002, 4473050.5]]], 'type': 'polyline', 'spatialReference': {'wkid': 26912}}","{'objectid': 558, 'xid': 558}"
"{'paths': [[[630294.7999999998, 4473049.5], [630319.5, 4473048]]], 'type': 'polyline', 'spatialReference': {'wkid': 26912}}","{'objectid': 559, 'xid': 559}"
"{'paths': [[[630319.5, 4473048], [630285.9000000004, 4473639], [633000.2000000002, 4481219.5]]], 'type': 'polyline', 'spatialReference': {'wkid': 26912}}","{'objectid': 560, 'xid': 560}"
"{'paths': [[[630258.5999999996, 4473047.5], [630294.7999999998, 4473049.5]]], 'type': 'polyline', 'spatialReference': {'wkid': 26912}}","{'objectid': 561, 'xid': 561}"
"{'paths': [[[629925.2000000002, 4478044], [630258.5999999996, 4473047.5]]], 'type': 'polyline', 'spatialReference': {'wkid': 26912}}","{'objectid': 562, 'xid': 562}"
"{'paths': [[[630351.2000000002, 4473050.5], [630387.5, 4473049], [630390.2000000002, 4473005.5], [630232.9000000004, 4472999], [630232.0999999996, 4473044.5], [630258.5999999996, 4473047.5]]], 'type': 'polyline', 'spatialReference': {'wkid': 26912}}","{'objectid': 563, 'xid': 563}"
"{'paths': [[[630277.5999999996, 4472958], [630318.4000000004, 4472959]]], 'type': 'polyline', 'spatialReference': {'wkid': 26912}}","{'objectid': 564, 'xid': 564}"
"{'paths': [[[630318.4000000004, 4472959], [630319.7000000002, 4472923]]], 'type': 'polyline', 'spatialReference': {'wkid': 26912}}","{'objectid': 565, 'xid': 565}"
"{'paths': [[[630304.7999999998, 4472921.5], [630319.7000000002, 4472923]]], 'type': 'polyline', 'spatialReference': {'wkid': 26912}}","{'objectid': 566, 'xid': 566}"
"{'paths': [[[630289.2999999998, 4472921], [630304.7999999998, 4472921.5]]], 'type': 'polyline', 'spatialReference': {'wkid': 26912}}","{'objectid': 567, 'xid': 567}"
"{'paths': [[[630289.2999999998, 4472921], [630277.5999999996, 4472958]]], 'type': 'polyline', 'spatialReference': {'wkid': 26912}}","{'objectid': 568, 'xid': 568}"
"{'paths': [[[609170.5999999996, 4472682.5], [613928.0999999996, 4476171]]], 'type': 'polyline', 'spatialReference': {'wkid': 26912}}","{'objectid': 569, 'xid': 569}"
"{'paths': [[[609170.5999999996, 4472682.5], [607006.2000000002, 4473369], [606010, 4473344]]], 'type': 'polyline', 'spatialReference': {'wkid': 26912}}","{'objectid': 570, 'xid': 570}"
"{'paths': [[[610854, 4472359.5], [609170.5999999996, 4472682.5]]], 'type': 'polyline', 'spatialReference': {'wkid': 26912}}","{'objectid': 571, 'xid': 571}"
"{'paths': [[[622040.2000000002, 4472347.5], [621812.4000000004, 4472332.5]]], 'type': 'polyline', 'spatialReference': {'wkid': 26912}}","{'objectid': 572, 'xid': 572}"
"{'paths': [[[613352.2000000002, 4472221], [611390.5, 4472257.5], [610854, 4472359.5]]], 'type': 'polyline', 'spatialReference': {'wkid': 26912}}","{'objectid': 573, 'xid': 573}"
"{'paths': [[[616638.5999999996, 4472173], [613352.2000000002, 4472221]]], 'type': 'polyline', 'spatialReference': {'wkid': 26912}}","{'objectid': 574, 'xid': 574}"
"{'paths': [[[621812.4000000004, 4472332.5], [618612, 4472138], [616638.5999999996, 4472173]]], 'type': 'polyline', 'spatialReference': {'wkid': 26912}}","{'objectid': 575, 'xid': 575}"
"{'paths': [[[607583.7000000002, 4471523.5], [609170.5999999996, 4472682.5]]], 'type': 'polyline', 'spatialReference': {'wkid': 26912}}","{'objectid': 576, 'xid': 576}"
"{'paths': [[[610854, 4472359.5], [610717.2000000002, 4471226], [610744, 4470994]]], 'type': 'polyline', 'spatialReference': {'wkid': 26912}}","{'objectid': 577, 'xid': 577}"
"{'paths': [[[637844.7000000002, 4473249], [638945.2000000002, 4473141], [640490.2000000002, 4472123], [642354, 4470725.5]]], 'type': 'polyline', 'spatialReference': {'wkid': 26912}}","{'objectid': 578, 'xid': 578}"
"{'paths': [[[630412.7999999998, 4470508.5], [630319.7000000002, 4472923]]], 'type': 'polyline', 'spatialReference': {'wkid': 26912}}","{'objectid': 579, 'xid': 579}"
"{'paths': [[[630304.7999999998, 4472921.5], [630390.7999999998, 4470508]]], 'type': 'polyline', 'spatialReference': {'wkid': 26912}}","{'objectid': 580, 'xid': 580}"
"{'paths': [[[630369.4000000004, 4470507.5], [630289.2999999998, 4472921]]], 'type': 'polyline', 'spatialReference': {'wkid': 26912}}","{'objectid': 581, 'xid': 581}"
"{'paths': [[[626115.2999999998, 4470435], [625203.4000000004, 4471428.5], [622360.5, 4472365.5], [622040.2000000002, 4472347.5]]], 'type': 'polyline', 'spatialReference': {'wkid': 26912}}","{'objectid': 582, 'xid': 582}"
"{'paths': [[[606051.7000000002, 4470396], [607583.7000000002, 4471523.5]]], 'type': 'polyline', 'spatialReference': {'wkid': 26912}}","{'objectid': 583, 'xid': 583}"
"{'paths': [[[610744, 4470994], [610820.0999999996, 4470318]]], 'type': 'polyline', 'spatialReference': {'wkid': 26912}}","{'objectid': 584, 'xid': 584}"
"{'paths': [[[425659.4000000004, 4470235], [424531.9000000004, 4470770], [423535.2000000002, 4471921.5], [421912.5, 4476956], [421414, 4477308], [419754.5999999996, 4480007.5]]], 'type': 'polyline', 'spatialReference': {'wkid': 26912}}","{'objectid': 585, 'xid': 585}"
"{'paths': [[[386899, 4473887.5], [388297.7999999998, 4471155.5], [388823.2000000002, 4470196.5]]], 'type': 'polyline', 'spatialReference': {'wkid': 26912}}","{'objectid': 586, 'xid': 586}"
"{'paths': [[[598024.0999999996, 4470016], [599799, 4472607], [599823.2000000002, 4472639], [599885.2000000002, 4472644]]], 'type': 'polyline', 'spatialReference': {'wkid': 26912}}","{'objectid': 587, 'xid': 587}"
"{'paths': [[[426385.2000000002, 4469885], [425658.7999999998, 4470244]]], 'type': 'polyline', 'spatialReference': {'wkid': 26912}}","{'objectid': 588, 'xid': 588}"
"{'paths': [[[421528.0999999996, 4469784.5], [420259.9000000004, 4475703.5], [420553.7999999998, 4478088]]], 'type': 'polyline', 'spatialReference': {'wkid': 26912}}","{'objectid': 589, 'xid': 589}"
"{'paths': [[[626115.2999999998, 4470435], [627302.2999999998, 4469132]]], 'type': 'polyline', 'spatialReference': {'wkid': 26912}}","{'objectid': 590, 'xid': 590}"
"{'paths': [[[630469.9000000004, 4468977.5], [630477.2000000002, 4469080], [630412.7999999998, 4470508.5]]], 'type': 'polyline', 'spatialReference': {'wkid': 26912}}","{'objectid': 591, 'xid': 591}"
"{'paths': [[[630390.7999999998, 4470508], [630469.9000000004, 4468977.5]]], 'type': 'polyline', 'spatialReference': {'wkid': 26912}}","{'objectid': 592, 'xid': 592}"
"{'paths': [[[630469.9000000004, 4468977.5], [630446.0999999996, 4469082], [630423.2000000002, 4469423], [630369.4000000004, 4470507.5]]], 'type': 'polyline', 'spatialReference': {'wkid': 26912}}","{'objectid': 593, 'xid': 593}"
"{'paths': [[[630469.9000000004, 4468977.5], [633791.2000000002, 4469078], [633952.5999999996, 4469041.5], [634381.2000000002, 4469099], [635393.5999999996, 4469126], [635616.9000000004, 4469110.5], [635998.5999999996, 4469142], [636648.2000000002, 4469161.5], [637221.2999999998, 4468975]]], 'type': 'polyline', 'spatialReference': {'wkid': 26912}}","{'objectid': 594, 'xid': 594}"
"{'paths': [[[637255, 4468975], [637922.5999999996, 4469009]]], 'type': 'polyline', 'spatialReference': {'wkid': 26912}}","{'objectid': 595, 'xid': 595}"
"{'paths': [[[597287.7999999998, 4468947.5], [604214.7000000002, 4470099]]], 'type': 'polyline', 'spatialReference': {'wkid': 26912}}","{'objectid': 596, 'xid': 596}"
"{'paths': [[[598024.0999999996, 4470016], [597287.7999999998, 4468947.5]]], 'type': 'polyline', 'spatialReference': {'wkid': 26912}}","{'objectid': 597, 'xid': 597}"
"{'paths': [[[627302.2999999998, 4469132], [627522.2000000002, 4468890], [630469.9000000004, 4468977.5]]], 'type': 'polyline', 'spatialReference': {'wkid': 26912}}","{'objectid': 598, 'xid': 598}"
"{'paths': [[[595461.5999999996, 4468634], [597287.7999999998, 4468947.5]]], 'type': 'polyline', 'spatialReference': {'wkid': 26912}}","{'objectid': 599, 'xid': 599}"
"{'paths': [[[593677.0999999996, 4468336], [595461.5999999996, 4468634]]], 'type': 'polyline', 'spatialReference': {'wkid': 26912}}","{'objectid': 600, 'xid': 600}"
"{'paths': [[[421989.9000000004, 4467593.5], [423788.2999999998, 4468012]]], 'type': 'polyline', 'spatialReference': {'wkid': 26912}}","{'objectid': 601, 'xid': 601}"
"{'paths': [[[421519.0999999996, 4469785], [421989.9000000004, 4467593.5]]], 'type': 'polyline', 'spatialReference': {'wkid': 26912}}","{'objectid': 602, 'xid': 602}"
"{'paths': [[[418840.7999999998, 4466864.5], [421989.9000000004, 4467593.5]]], 'type': 'polyline', 'spatialReference': {'wkid': 26912}}","{'objectid': 603, 'xid': 603}"
"{'paths': [[[585554.5, 4466371.5], [589750.0999999996, 4467674], [593595.5999999996, 4468322]]], 'type': 'polyline', 'spatialReference': {'wkid': 26912}}","{'objectid': 604, 'xid': 604}"
"{'paths': [[[597287.7999999998, 4468947.5], [595490.4000000004, 4466307.5]]], 'type': 'polyline', 'spatialReference': {'wkid': 26912}}","{'objectid': 605, 'xid': 605}"
"{'paths': [[[585328.7000000002, 4466217.5], [585431.5, 4466302]]], 'type': 'polyline', 'spatialReference': {'wkid': 26912}}","{'objectid': 606, 'xid': 606}"
"{'paths': [[[323704.0999999996, 4469048], [324585.2000000002, 4467412.5], [324994.5999999996, 4466168.5]]], 'type': 'polyline', 'spatialReference': {'wkid': 26912}}","{'objectid': 607, 'xid': 607}"
"{'paths': [[[319565.2999999998, 4466863], [324994.5999999996, 4466168.5]]], 'type': 'polyline', 'spatialReference': {'wkid': 26912}}","{'objectid': 608, 'xid': 608}"
"{'paths': [[[595279.2999999998, 4465988], [595490.4000000004, 4466307.5]]], 'type': 'polyline', 'spatialReference': {'wkid': 26912}}","{'objectid': 609, 'xid': 609}"
"{'paths': [[[414998.9000000004, 4465969], [418840.7999999998, 4466864.5]]], 'type': 'polyline', 'spatialReference': {'wkid': 26912}}","{'objectid': 610, 'xid': 610}"
"{'paths': [[[584876.7999999998, 4465837.5], [585085.4000000004, 4466017]]], 'type': 'polyline', 'spatialReference': {'wkid': 26912}}","{'objectid': 611, 'xid': 611}"
"{'paths': [[[324994.5999999996, 4466168.5], [325333.2999999998, 4465144]]], 'type': 'polyline', 'spatialReference': {'wkid': 26912}}","{'objectid': 612, 'xid': 612}"
"{'paths': [[[574267.2000000002, 4464952], [582387.2999999998, 4465079], [582992.5999999996, 4465500]]], 'type': 'polyline', 'spatialReference': {'wkid': 26912}}","{'objectid': 613, 'xid': 613}"
"{'paths': [[[574267.2000000002, 4464952], [573069.5, 4464941.5], [569714.2000000002, 4465124.5], [563646.7000000002, 4465102]]], 'type': 'polyline', 'spatialReference': {'wkid': 26912}}","{'objectid': 614, 'xid': 614}"
"{'paths': [[[553030.9000000004, 4464821.5], [556090.4000000004, 4464847.5], [556964.4000000004, 4465072.5], [563646.7000000002, 4465102]]], 'type': 'polyline', 'spatialReference': {'wkid': 26912}}","{'objectid': 615, 'xid': 615}"
"{'paths': [[[642354, 4470725.5], [644089.4000000004, 4469428.5], [644407.5, 4469165.5], [646277.7000000002, 4466649], [647810.0999999996, 4465042.5], [647886.5999999996, 4464845.5], [648641.4000000004, 4463964]]], 'type': 'polyline', 'spatialReference': {'wkid': 26912}}","{'objectid': 616, 'xid': 616}"
"{'paths': [[[637922.5999999996, 4469009], [641731, 4469129], [643202.5999999996, 4467815], [646940.0999999996, 4465229], [648173.2000000002, 4463889.5], [648645.7000000002, 4463740.5]]], 'type': 'polyline', 'spatialReference': {'wkid': 26912}}","{'objectid': 617, 'xid': 617}"
"{'paths': [[[648641.4000000004, 4463964], [648895.7999999998, 4463657.5]]], 'type': 'polyline', 'spatialReference': {'wkid': 26912}}","{'objectid': 618, 'xid': 618}"
"{'paths': [[[648645.7000000002, 4463740.5], [648895.7999999998, 4463657.5]]], 'type': 'polyline', 'spatialReference': {'wkid': 26912}}","{'objectid': 619, 'xid': 619}"
"{'paths': [[[648895.7999999998, 4463657.5], [651404.9000000004, 4462835.5]]], 'type': 'polyline', 'spatialReference': {'wkid': 26912}}","{'objectid': 620, 'xid': 620}"
"{'paths': [[[393714.4000000004, 4462738], [393036.4000000004, 4462711], [391411.7999999998, 4463869.5], [389939.0999999996, 4466417], [390006.9000000004, 4468036.5], [388823.2000000002, 4470196.5]]], 'type': 'polyline', 'spatialReference': {'wkid': 26912}}","{'objectid': 621, 'xid': 621}"
"{'paths': [[[393714.4000000004, 4462738], [395394.5, 4462825], [396541, 4462403.5], [396969.0999999996, 4462558.5]]], 'type': 'polyline', 'spatialReference': {'wkid': 26912}}","{'objectid': 622, 'xid': 622}"
"{'paths': [[[444244.5999999996, 4462569], [444317, 4462540], [444483.2000000002, 4462139]]], 'type': 'polyline', 'spatialReference': {'wkid': 26912}}","{'objectid': 623, 'xid': 623}"
"{'paths': [[[648895.7999999998, 4463657.5], [649055.2999999998, 4463466], [651015.2000000002, 4462083.5]]], 'type': 'polyline', 'spatialReference': {'wkid': 26912}}","{'objectid': 624, 'xid': 624}"
"{'paths': [[[553030.9000000004, 4464821.5], [551731.5, 4464813], [551906, 4464414.5], [553049.7999999998, 4462043.5]]], 'type': 'polyline', 'spatialReference': {'wkid': 26912}}","{'objectid': 625, 'xid': 625}"
"{'paths': [[[651404.9000000004, 4462835.5], [655379.5, 4461574]]], 'type': 'polyline', 'spatialReference': {'wkid': 26912}}","{'objectid': 626, 'xid': 626}"
"{'paths': [[[655379.5, 4461574], [655657.0999999996, 4461486.5], [655891.7000000002, 4461343]]], 'type': 'polyline', 'spatialReference': {'wkid': 26912}}","{'objectid': 627, 'xid': 627}"
"{'paths': [[[445401.9000000004, 4460615], [445176.5, 4461180], [445003.0999999996, 4461775], [444629.9000000004, 4462075], [444143.2000000002, 4462632]]], 'type': 'polyline', 'spatialReference': {'wkid': 26912}}","{'objectid': 628, 'xid': 628}"
"{'paths': [[[444247.2000000002, 4462578], [444324.2999999998, 4462562], [444621, 4462100], [445198.2999999998, 4460980], [445407.7000000002, 4460604]]], 'type': 'polyline', 'spatialReference': {'wkid': 26912}}","{'objectid': 629, 'xid': 629}"
"{'paths': [[[553049.7999999998, 4462043.5], [553337.9000000004, 4461462.5], [553064.2000000002, 4460005]]], 'type': 'polyline', 'spatialReference': {'wkid': 26912}}","{'objectid': 630, 'xid': 630}"
"{'paths': [[[445947.2000000002, 4459437], [445939.9000000004, 4459585], [445401.9000000004, 4460615]]], 'type': 'polyline', 'spatialReference': {'wkid': 26912}}","{'objectid': 631, 'xid': 631}"
"{'paths': [[[552797.7000000002, 4458608], [553064.2000000002, 4460005]]], 'type': 'polyline', 'spatialReference': {'wkid': 26912}}","{'objectid': 632, 'xid': 632}"
"{'paths': [[[584876.7999999998, 4465837.5], [584006.0999999996, 4465109.5], [574746.4000000004, 4458982.5], [574492.0999999996, 4458725], [574330.9000000004, 4458496.5]]], 'type': 'polyline', 'spatialReference': {'wkid': 26912}}","{'objectid': 633, 'xid': 633}"
"{'paths': [[[548654.0999999996, 4463741.5], [547614.7999999998, 4462441], [547309.5, 4461405.5], [545930.7999999998, 4458349.5]]], 'type': 'polyline', 'spatialReference': {'wkid': 26912}}","{'objectid': 634, 'xid': 634}"
"{'paths': [[[651015.2000000002, 4462083.5], [654302.0999999996, 4459759], [659081, 4457180]]], 'type': 'polyline', 'spatialReference': {'wkid': 26912}}","{'objectid': 635, 'xid': 635}"
"{'paths': [[[659081, 4457180], [659156.5, 4457140]]], 'type': 'polyline', 'spatialReference': {'wkid': 26912}}","{'objectid': 636, 'xid': 636}"
"{'paths': [[[659415.9000000004, 4457002.5], [659156.5, 4457140]]], 'type': 'polyline', 'spatialReference': {'wkid': 26912}}","{'objectid': 637, 'xid': 637}"
"{'paths': [[[659156.5, 4457140], [659418.9000000004, 4456860.5]]], 'type': 'polyline', 'spatialReference': {'wkid': 26912}}","{'objectid': 638, 'xid': 638}"
"{'paths': [[[636587.0999999996, 4456738.5], [636493.5999999996, 4459074.5], [636253.0999999996, 4459773.5], [635634.9000000004, 4461893], [633326.5, 4464590.5], [631555.0999999996, 4465811], [630505, 4468150.5], [630469.9000000004, 4468977.5]]], 'type': 'polyline', 'spatialReference': {'wkid': 26912}}","{'objectid': 639, 'xid': 639}"
"{'paths': [[[610831.5999999996, 4470193.5], [611612, 4463446.5], [611769.4000000004, 4456329.5]]], 'type': 'polyline', 'spatialReference': {'wkid': 26912}}","{'objectid': 640, 'xid': 640}"
"{'paths': [[[423291, 4455889.5], [423482.7000000002, 4459622], [422086.7999999998, 4461876], [421890.2000000002, 4462169], [421439.0999999996, 4462937], [421018.7999999998, 4463600.5], [419382.0999999996, 4466279], [418840.7999999998, 4466864.5]]], 'type': 'polyline', 'spatialReference': {'wkid': 26912}}","{'objectid': 641, 'xid': 641}"
"{'paths': [[[421989.9000000004, 4467593.5], [423560.0999999996, 4460284.5], [423337.0999999996, 4455889]]], 'type': 'polyline', 'spatialReference': {'wkid': 26912}}","{'objectid': 642, 'xid': 642}"
"{'paths': [[[574330.9000000004, 4458496.5], [572465.4000000004, 4455849.5]]], 'type': 'polyline', 'spatialReference': {'wkid': 26912}}","{'objectid': 643, 'xid': 643}"
"{'paths': [[[659415.9000000004, 4457002.5], [661567.0999999996, 4455837], [661720.0999999996, 4455814]]], 'type': 'polyline', 'spatialReference': {'wkid': 26912}}","{'objectid': 644, 'xid': 644}"
"{'paths': [[[439835.9000000004, 4455738], [439319.5999999996, 4456492], [438269.9000000004, 4456505], [437671.9000000004, 4457864], [436663.7000000002, 4458788], [436176, 4459259]]], 'type': 'polyline', 'spatialReference': {'wkid': 26912}}","{'objectid': 645, 'xid': 645}"
"{'paths': [[[446654.2999999998, 4455687.5], [446642, 4456063], [446542.9000000004, 4456451], [446370.4000000004, 4457019], [446391, 4457169], [446350.9000000004, 4457645], [446301.4000000004, 4457984], [446211.2999999998, 4458360], [445993.4000000004, 4458820], [445983.2999999998, 4458946], [446027.4000000004, 4459219], [445947.2000000002, 4459438]]], 'type': 'polyline', 'spatialReference': {'wkid': 26912}}","{'objectid': 646, 'xid': 646}"
"{'paths': [[[445947.2000000002, 4459438], [445997.2999999998, 4458633], [446139.0999999996, 4458241], [446295.2999999998, 4457310.5], [446448.0999999996, 4456631], [446534, 4456025], [446539.4000000004, 4455687]]], 'type': 'polyline', 'spatialReference': {'wkid': 26912}}","{'objectid': 647, 'xid': 647}"
"{'paths': [[[444250.2000000002, 4462625], [444526.9000000004, 4462614], [444661.2000000002, 4462533], [445189.0999999996, 4461217], [445989.2000000002, 4459582], [446143.2999999998, 4458551], [446377.9000000004, 4457157], [446511.4000000004, 4456587], [446605.0999999996, 4456070], [446603.5999999996, 4455685]]], 'type': 'polyline', 'spatialReference': {'wkid': 26912}}","{'objectid': 648, 'xid': 648}"
"{'paths': [[[552243.2999999998, 4455681], [552765.7999999998, 4458436.5]]], 'type': 'polyline', 'spatialReference': {'wkid': 26912}}","{'objectid': 649, 'xid': 649}"
"{'paths': [[[552195.7000000002, 4455435], [552243.2999999998, 4455681]]], 'type': 'polyline', 'spatialReference': {'wkid': 26912}}","{'objectid': 650, 'xid': 650}"
"{'paths': [[[661720.0999999996, 4455814], [666399.2000000002, 4455143.5], [670101.7000000002, 4454859]]], 'type': 'polyline', 'spatialReference': {'wkid': 26912}}","{'objectid': 651, 'xid': 651}"
"{'paths': [[[414946.4000000004, 4455980], [414872.2000000002, 4454749.5]]], 'type': 'polyline', 'spatialReference': {'wkid': 26912}}","{'objectid': 652, 'xid': 652}"
"{'paths': [[[446603, 4455687], [446661.0999999996, 4455092.5], [446475.2000000002, 4454229]]], 'type': 'polyline', 'spatialReference': {'wkid': 26912}}","{'objectid': 653, 'xid': 653}"
"{'paths': [[[446449.0999999996, 4454112.5], [446406.9000000004, 4453934.5], [446460.9000000004, 4453038], [446587.9000000004, 4452637], [446700.2999999998, 4452469.5], [446754.7999999998, 4452284]]], 'type': 'polyline', 'spatialReference': {'wkid': 26912}}","{'objectid': 654, 'xid': 654}"
"{'paths': [[[446540.0999999996, 4455689], [446548.0999999996, 4455442], [446292.0999999996, 4454861], [446407.7999999998, 4453514], [446423.9000000004, 4453032], [446687, 4452234]]], 'type': 'polyline', 'spatialReference': {'wkid': 26912}}","{'objectid': 655, 'xid': 655}"
"{'paths': [[[636587.0999999996, 4456738.5], [636668.0999999996, 4454381.5], [637820.0999999996, 4452312.5], [638232.4000000004, 4452110.5]]], 'type': 'polyline', 'spatialReference': {'wkid': 26912}}","{'objectid': 656, 'xid': 656}"
"{'paths': [[[446687, 4452234], [446754.2000000002, 4452007]]], 'type': 'polyline', 'spatialReference': {'wkid': 26912}}","{'objectid': 657, 'xid': 657}"
"{'paths': [[[446753.2000000002, 4451957], [446730.7999999998, 4452003], [446666.7000000002, 4452302], [446574.7999999998, 4453362], [446596.4000000004, 4454028], [446690.9000000004, 4454258], [446618.9000000004, 4454452], [446642.2000000002, 4454540.5], [446626.7999999998, 4454839], [446660.0999999996, 4455231], [446654.2999999998, 4455687.5]]], 'type': 'polyline', 'spatialReference': {'wkid': 26912}}","{'objectid': 658, 'xid': 658}"
"{'paths': [[[446804.2999999998, 4451844], [446751.5999999996, 4452012.5]]], 'type': 'polyline', 'spatialReference': {'wkid': 26912}}","{'objectid': 659, 'xid': 659}"
"{'paths': [[[446752.5, 4451958], [446804.2999999998, 4451844]]], 'type': 'polyline', 'spatialReference': {'wkid': 26912}}","{'objectid': 660, 'xid': 660}"
"{'paths': [[[446804.2999999998, 4451844], [446747.0999999996, 4451833]]], 'type': 'polyline', 'spatialReference': {'wkid': 26912}}","{'objectid': 661, 'xid': 661}"
"{'paths': [[[446804.2999999998, 4451844], [446753.4000000004, 4451803]]], 'type': 'polyline', 'spatialReference': {'wkid': 26912}}","{'objectid': 662, 'xid': 662}"
"{'paths': [[[552018.7999999998, 4451624], [552003.4000000004, 4454419.5], [552195.7000000002, 4455435]]], 'type': 'polyline', 'spatialReference': {'wkid': 26912}}","{'objectid': 663, 'xid': 663}"
"{'paths': [[[446444.2000000002, 4451422.5], [446483.9000000004, 4451422], [446753.4000000004, 4451803]]], 'type': 'polyline', 'spatialReference': {'wkid': 26912}}","{'objectid': 664, 'xid': 664}"
"{'paths': [[[446752.2999999998, 4451833.5], [446463.2999999998, 4451456], [446448.4000000004, 4451459], [446442.2000000002, 4451502], [446318.7999999998, 4451497.5], [446323, 4451357], [446450.2999999998, 4451358], [446443.7999999998, 4451455.5]]], 'type': 'polyline', 'spatialReference': {'wkid': 26912}}","{'objectid': 665, 'xid': 665}"
"{'paths': [[[611769.4000000004, 4456329.5], [611826.2000000002, 4453588], [613726.2000000002, 4451338.5], [613708.9000000004, 4451192.5]]], 'type': 'polyline', 'spatialReference': {'wkid': 26912}}","{'objectid': 666, 'xid': 666}"
"{'paths': [[[638232.4000000004, 4452110.5], [642220, 4450205.5], [642346.4000000004, 4450083.5]]], 'type': 'polyline', 'spatialReference': {'wkid': 26912}}","{'objectid': 667, 'xid': 667}"
"{'paths': [[[667495.4000000004, 4448907.5], [665719.2000000002, 4449968.5], [665398.9000000004, 4450143], [662209.2999999998, 4455019.5], [660641.4000000004, 4455732], [660472.2000000002, 4455780.5], [659418.9000000004, 4456860.5]]], 'type': 'polyline', 'spatialReference': {'wkid': 26912}}","{'objectid': 668, 'xid': 668}"
"{'paths': [[[499942.2000000002, 4449844.5], [497989.2999999998, 4448749.5], [494028.5999999996, 4449007.5], [491534.4000000004, 4451539.5], [491300.2000000002, 4452300.5], [491334.7000000002, 4452316.5]]], 'type': 'polyline', 'spatialReference': {'wkid': 26912}}","{'objectid': 669, 'xid': 669}"
"{'paths': [[[667894.5999999996, 4448669.5], [667630.4000000004, 4448827.5]]], 'type': 'polyline', 'spatialReference': {'wkid': 26912}}","{'objectid': 670, 'xid': 670}"
"{'paths': [[[644001.5999999996, 4448495.5], [642346.4000000004, 4450083.5]]], 'type': 'polyline', 'spatialReference': {'wkid': 26912}}","{'objectid': 671, 'xid': 671}"
"{'paths': [[[668498, 4448310], [668129.7999999998, 4448529]]], 'type': 'polyline', 'spatialReference': {'wkid': 26912}}","{'objectid': 672, 'xid': 672}"
"{'paths': [[[567077.5, 4447276.5], [571064.4000000004, 4453701], [571973.7999999998, 4455133], [572465.4000000004, 4455849.5]]], 'type': 'polyline', 'spatialReference': {'wkid': 26912}}","{'objectid': 673, 'xid': 673}"
"{'paths': [[[670272.9000000004, 4447259], [668498, 4448310]]], 'type': 'polyline', 'spatialReference': {'wkid': 26912}}","{'objectid': 674, 'xid': 674}"
"{'paths': [[[563822.7000000002, 4444274], [564802.5999999996, 4445126], [566757.9000000004, 4446762.5], [567077.5, 4447276.5]]], 'type': 'polyline', 'spatialReference': {'wkid': 26912}}","{'objectid': 675, 'xid': 675}"
"{'paths': [[[446687.2999999998, 4442421.5], [446151.2999999998, 4442831.5], [446134.4000000004, 4448117], [444734, 4449636], [443255.2999999998, 4452069], [442717, 4452648.5], [441959.2999999998, 4453563], [441794.2000000002, 4453706], [441547.5, 4454117], [441494.5, 4454391], [441234.2999999998, 4454732], [440555.4000000004, 4454733], [439834, 4455740.5]]], 'type': 'polyline', 'spatialReference': {'wkid': 26912}}","{'objectid': 676, 'xid': 676}"
"{'paths': [[[414872.2000000002, 4454749.5], [414839.5, 4454266], [414801.2999999998, 4453182.5], [414708.2000000002, 4452188], [414207.0999999996, 4443951.5], [414319.0999999996, 4443107.5], [414367.5999999996, 4442572.5], [414421.5, 4442335.5], [414446.2000000002, 4442109]]], 'type': 'polyline', 'spatialReference': {'wkid': 26912}}","{'objectid': 677, 'xid': 677}"
"{'paths': [[[423291, 4455889.5], [423285.9000000004, 4455646.5], [423372.4000000004, 4454511], [423324.2000000002, 4450922.5], [419198.2000000002, 4443027], [419218.4000000004, 4442056.5]]], 'type': 'polyline', 'spatialReference': {'wkid': 26912}}","{'objectid': 678, 'xid': 678}"
"{'paths': [[[560989.5999999996, 4441872], [563822.7000000002, 4444274]]], 'type': 'polyline', 'spatialReference': {'wkid': 26912}}","{'objectid': 679, 'xid': 679}"
"{'paths': [[[447285, 4441812.5], [447156, 4442046.5], [446687.2999999998, 4442421.5]]], 'type': 'polyline', 'spatialReference': {'wkid': 26912}}","{'objectid': 680, 'xid': 680}"
"{'paths': [[[446804.2999999998, 4451844], [446883.4000000004, 4451638], [448293.2999999998, 4449048], [448403.2999999998, 4448786], [449535.5999999996, 4447069], [449807.9000000004, 4445332.5], [449733.7000000002, 4443933], [450145.9000000004, 4441790.5]]], 'type': 'polyline', 'spatialReference': {'wkid': 26912}}","{'objectid': 681, 'xid': 681}"
"{'paths': [[[446754.7999999998, 4452284], [446950.2000000002, 4451628.5], [447298.7000000002, 4450967], [447720.9000000004, 4450235], [448219.9000000004, 4449320.5], [448804.0999999996, 4448415.5], [449392.7999999998, 4447581.5], [449981.4000000004, 4447005.5], [450499.7000000002, 4446774], [451128.2999999998, 4446338], [451342.7999999998, 4445745], [452007.5999999996, 4445150.5], [452857.5, 4443578], [453064.5999999996, 4442601], [452798.2999999998, 4442116], [452742.2000000002, 4441776]]], 'type': 'polyline', 'spatialReference': {'wkid': 26912}}","{'objectid': 682, 'xid': 682}"
"{'paths': [[[498640.0999999996, 4441627], [498997, 4442175.5], [499196.5999999996, 4442449]]], 'type': 'polyline', 'spatialReference': {'wkid': 26912}}","{'objectid': 683, 'xid': 683}"
"{'paths': [[[414446.2000000002, 4442109], [414707.7000000002, 4440153]]], 'type': 'polyline', 'spatialReference': {'wkid': 26912}}","{'objectid': 684, 'xid': 684}"
"{'paths': [[[452742.2000000002, 4441776], [452703.2999999998, 4441573], [452689.7999999998, 4441290], [452663.5999999996, 4441152], [451781.5, 4439543.5], [451731.2999999998, 4439415.5], [451591.2000000002, 4439168.5]]], 'type': 'polyline', 'spatialReference': {'wkid': 26912}}","{'objectid': 685, 'xid': 685}"
"{'paths': [[[447285, 4441812.5], [449226.7000000002, 4438197.5], [450133.2999999998, 4438199.5]]], 'type': 'polyline', 'spatialReference': {'wkid': 26912}}","{'objectid': 686, 'xid': 686}"
"{'paths': [[[553237.9000000004, 4435298], [553911, 4435889], [560989.5999999996, 4441872]]], 'type': 'polyline', 'spatialReference': {'wkid': 26912}}","{'objectid': 687, 'xid': 687}"
"{'paths': [[[450145.9000000004, 4441790.5], [450517.7000000002, 4439784.5], [450592.5, 4439196.5], [450619.7000000002, 4438677.5], [451025.4000000004, 4437961.5], [451045.2000000002, 4437808.5], [450736.2999999998, 4437110.5], [450766.7000000002, 4436280.5], [450740.7000000002, 4436090.5], [450830.5, 4435890.5], [451142.2000000002, 4435393.5], [451184.2999999998, 4435254.5], [451425.4000000004, 4435004.5], [451604.2999999998, 4434704.5], [451762.2000000002, 4434552.5], [453116.5999999996, 4433973.5], [453489.2999999998, 4433730.5], [453620.7000000002, 4433299], [453739.4000000004, 4433130.5], [454593.2000000002, 4432453.5], [455036.4000000004, 4432124]]], 'type': 'polyline', 'spatialReference': {'wkid': 26912}}","{'objectid': 688, 'xid': 688}"
"{'paths': [[[455413.5999999996, 4431734.5], [455070.5, 4432161.5], [453956.2000000002, 4433033.5], [453691.4000000004, 4433360.5], [453523.2000000002, 4433844.5], [453327.7000000002, 4433904.5], [452579.2999999998, 4434429.5], [451955.5, 4434766.5], [451271.5, 4435263.5], [450898.5, 4435935.5], [450857.2999999998, 4436212.5], [450848.5, 4436651.5], [450932.5999999996, 4436777.5], [451123.5999999996, 4437150.5], [451228.4000000004, 4437969.5], [451357.5999999996, 4438745.5], [451591.2000000002, 4439168.5]]], 'type': 'polyline', 'spatialReference': {'wkid': 26912}}","{'objectid': 689, 'xid': 689}"
"{'paths': [[[455036.4000000004, 4432124], [455164.0999999996, 4432025], [455413.5999999996, 4431734.5]]], 'type': 'polyline', 'spatialReference': {'wkid': 26912}}","{'objectid': 690, 'xid': 690}"
"{'paths': [[[450133.2999999998, 4438199.5], [450521.5, 4438288.5], [451224.5999999996, 4438288.5], [451334.7000000002, 4438214.5], [451296.7999999998, 4437683.5], [451221.2999999998, 4437170.5], [450995.5999999996, 4436466.5], [452149.5, 4435206.5], [453179.4000000004, 4434243.5], [453806.7000000002, 4433482.5], [454058.5, 4433056.5], [455105.5999999996, 4432262.5], [455875.2999999998, 4432206.5], [456775.2999999998, 4431376.5], [457274.5999999996, 4431141.5]]], 'type': 'polyline', 'spatialReference': {'wkid': 26912}}","{'objectid': 691, 'xid': 691}"
"{'paths': [[[450133.2999999998, 4438199.5], [451288.7000000002, 4438236.5], [451247.4000000004, 4437686.5], [451166.7999999998, 4437189.5], [450945.4000000004, 4436454.5], [452102.5999999996, 4435185.5], [453148.5999999996, 4434209.5], [453754.5999999996, 4433480.5], [454017.2999999998, 4433014.5], [455092.2999999998, 4432222.5], [455847.5999999996, 4432145.5], [456738.5999999996, 4431330], [457274.2000000002, 4431080.5]]], 'type': 'polyline', 'spatialReference': {'wkid': 26912}}","{'objectid': 692, 'xid': 692}"
"{'paths': [[[489277.2999999998, 4434257], [486198.4000000004, 4432893.5], [483891.5999999996, 4432112.5], [482914.2999999998, 4431677.5], [480861.5, 4430725], [478602.0999999996, 4429637.5]]], 'type': 'polyline', 'spatialReference': {'wkid': 26912}}","{'objectid': 693, 'xid': 693}"
"{'paths': [[[457266.0999999996, 4429403], [455413.5999999996, 4431734.5]]], 'type': 'polyline', 'spatialReference': {'wkid': 26912}}","{'objectid': 694, 'xid': 694}"
"{'paths': [[[455036.4000000004, 4432124], [456381.2999999998, 4430448.5], [457194.2000000002, 4429361.5]]], 'type': 'polyline', 'spatialReference': {'wkid': 26912}}","{'objectid': 695, 'xid': 695}"
"{'paths': [[[416270.2000000002, 4428212.5], [414707.7000000002, 4440153]]], 'type': 'polyline', 'spatialReference': {'wkid': 26912}}","{'objectid': 696, 'xid': 696}"
"{'paths': [[[419616.4000000004, 4428177], [419431.7999999998, 4432824], [419356.9000000004, 4435513.5], [419218.4000000004, 4442056.5]]], 'type': 'polyline', 'spatialReference': {'wkid': 26912}}","{'objectid': 697, 'xid': 697}"
"{'paths': [[[431753.2000000002, 4428058], [431928.2000000002, 4430074.5], [431889.2000000002, 4431320], [431420.5, 4433334.5], [431573.7999999998, 4437495.5], [435245, 4441273], [435466.2999999998, 4441452], [436031.2000000002, 4441837.5]]], 'type': 'polyline', 'spatialReference': {'wkid': 26912}}","{'objectid': 698, 'xid': 698}"
"{'paths': [[[457274.5999999996, 4431140.5], [458283, 4430678.5], [458588, 4430368.5], [458767.2000000002, 4430158.5], [459546.7000000002, 4428975.5], [461776.9000000004, 4428058], [464183.7999999998, 4428450.5], [464947.5999999996, 4428713], [466203.5999999996, 4428098], [467921.4000000004, 4427903.5]]], 'type': 'polyline', 'spatialReference': {'wkid': 26912}}","{'objectid': 699, 'xid': 699}"
"{'paths': [[[553237.9000000004, 4435298], [552064.7000000002, 4433784.5], [551187.9000000004, 4432182], [550883.2000000002, 4431794], [549148.0999999996, 4429930.5], [547767.7999999998, 4428482.5], [547086.2999999998, 4427900.5]]], 'type': 'polyline', 'spatialReference': {'wkid': 26912}}","{'objectid': 700, 'xid': 700}"
"{'paths': [[[457274.2000000002, 4431079.5], [458273.5999999996, 4430620.5], [458645.0999999996, 4430212.5], [459512.7000000002, 4428945.5], [461769.5, 4428012.5], [464398.7000000002, 4428439], [464953.7999999998, 4428658], [466172.7999999998, 4428054.5], [467926.4000000004, 4427851.5]]], 'type': 'polyline', 'spatialReference': {'wkid': 26912}}","{'objectid': 701, 'xid': 701}"
"{'paths': [[[457266.0999999996, 4429403], [457558.4000000004, 4429049.5], [458293, 4428581], [459539, 4428754.5], [459772.2000000002, 4428752.5], [461909.7000000002, 4427903.5], [462106.0999999996, 4427849.5]]], 'type': 'polyline', 'spatialReference': {'wkid': 26912}}","{'objectid': 702, 'xid': 702}"
"{'paths': [[[457264.5, 4429351], [457536.0999999996, 4429015.5], [458277.2000000002, 4428554], [459548, 4428723.5], [459811.7000000002, 4428712.5], [461940.5999999996, 4427848]]], 'type': 'polyline', 'spatialReference': {'wkid': 26912}}","{'objectid': 703, 'xid': 703}"
"{'paths': [[[467927.7000000002, 4427851.5], [468107.9000000004, 4427823]]], 'type': 'polyline', 'spatialReference': {'wkid': 26912}}","{'objectid': 704, 'xid': 704}"
"{'paths': [[[467921.4000000004, 4427903.5], [468571.5999999996, 4427819.5]]], 'type': 'polyline', 'spatialReference': {'wkid': 26912}}","{'objectid': 705, 'xid': 705}"
"{'paths': [[[475369.2999999998, 4427797.5], [476670.9000000004, 4428555.5], [478602.0999999996, 4429637.5]]], 'type': 'polyline', 'spatialReference': {'wkid': 26912}}","{'objectid': 706, 'xid': 706}"
"{'paths': [[[467919.7999999998, 4426919], [467623.7999999998, 4427007.5], [466628.9000000004, 4427068], [466002.7999999998, 4427327], [465489.5999999996, 4427609.5], [465139.5999999996, 4427690], [464396.0999999996, 4427746], [463241, 4427532.5], [462106.0999999996, 4427850.5]]], 'type': 'polyline', 'spatialReference': {'wkid': 26912}}","{'objectid': 707, 'xid': 707}"
"{'paths': [[[461940.5999999996, 4427848], [463206.9000000004, 4427486.5], [464352.7999999998, 4427691.5], [464457.5999999996, 4427672], [465437.4000000004, 4427594.5], [466017.4000000004, 4427238], [466625.4000000004, 4427008.5], [466975.7000000002, 4426993.5], [467160.7000000002, 4427002.5], [467725.7000000002, 4426921.5], [467919, 4426869.5]]], 'type': 'polyline', 'spatialReference': {'wkid': 26912}}","{'objectid': 708, 'xid': 708}"
"{'paths': [[[472396.0999999996, 4426282], [471154.2000000002, 4426887], [469270.0999999996, 4427740.5], [468571.5999999996, 4427819.5]]], 'type': 'polyline', 'spatialReference': {'wkid': 26912}}","{'objectid': 709, 'xid': 709}"
"{'paths': [[[472396.0999999996, 4426282], [472341.2000000002, 4426254.5]]], 'type': 'polyline', 'spatialReference': {'wkid': 26912}}","{'objectid': 710, 'xid': 710}"
"{'paths': [[[472341.2000000002, 4426254.5], [469249.0999999996, 4427709.5], [468107.9000000004, 4427823]]], 'type': 'polyline', 'spatialReference': {'wkid': 26912}}","{'objectid': 711, 'xid': 711}"
"{'paths': [[[470532.9000000004, 4425564.5], [468510.5, 4426729.5], [467919.7999999998, 4426919]]], 'type': 'polyline', 'spatialReference': {'wkid': 26912}}","{'objectid': 712, 'xid': 712}"
"{'paths': [[[470532.9000000004, 4425564.5], [470469, 4425550.5]]], 'type': 'polyline', 'spatialReference': {'wkid': 26912}}","{'objectid': 713, 'xid': 713}"
"{'paths': [[[470469, 4425550.5], [468501.7999999998, 4426683.5], [467919, 4426869.5]]], 'type': 'polyline', 'spatialReference': {'wkid': 26912}}","{'objectid': 714, 'xid': 714}"
"{'paths': [[[467917.5999999996, 4425781.5], [469430.2999999998, 4425317.5], [471272.9000000004, 4425723.5], [474696, 4427429.5], [475366.0999999996, 4427792.5]]], 'type': 'polyline', 'spatialReference': {'wkid': 26912}}","{'objectid': 715, 'xid': 715}"
"{'paths': [[[467914.4000000004, 4425794], [466744.7000000002, 4426145.5], [464194.7999999998, 4426496.5], [462455.0999999996, 4425984.5], [460959, 4426036.5], [460184.7999999998, 4426482.5], [460130.0999999996, 4426479.5], [457892.0999999996, 4426159.5], [457240.4000000004, 4425173.5]]], 'type': 'polyline', 'spatialReference': {'wkid': 26912}}","{'objectid': 716, 'xid': 716}"
"{'paths': [[[472396.0999999996, 4426282], [473217.4000000004, 4425888.5], [473718.0999999996, 4425624.5], [475182.0999999996, 4423892.5], [476500.2999999998, 4423505.5], [478582.7999999998, 4423487.5]]], 'type': 'polyline', 'spatialReference': {'wkid': 26912}}","{'objectid': 717, 'xid': 717}"
"{'paths': [[[478582.7000000002, 4423438.5], [476500.2000000002, 4423447.5], [475154, 4423868.5], [473678.2000000002, 4425581.5], [473251, 4425824.5], [472341.2000000002, 4426254.5]]], 'type': 'polyline', 'spatialReference': {'wkid': 26912}}","{'objectid': 718, 'xid': 718}"
"{'paths': [[[478583.7999999998, 4423374.5], [476763.7000000002, 4423349.5], [476322.0999999996, 4423404.5], [475157.0999999996, 4423819.5], [472892.2999999998, 4424242.5], [470532.9000000004, 4425564.5]]], 'type': 'polyline', 'spatialReference': {'wkid': 26912}}","{'objectid': 719, 'xid': 719}"
"{'paths': [[[478579.7999999998, 4423337.5], [476770.7999999998, 4423306.5], [476306.2999999998, 4423361.5], [475147.7999999998, 4423776.5], [472837.4000000004, 4424193.5], [470469, 4425550.5]]], 'type': 'polyline', 'spatialReference': {'wkid': 26912}}","{'objectid': 720, 'xid': 720}"
"{'paths': [[[407594.9000000004, 4423171], [409394.0999999996, 4424944]]], 'type': 'polyline', 'spatialReference': {'wkid': 26912}}","{'objectid': 721, 'xid': 721}"
"{'paths': [[[407594.9000000004, 4423171], [406505.5999999996, 4423581], [404905.5, 4422958.5]]], 'type': 'polyline', 'spatialReference': {'wkid': 26912}}","{'objectid': 722, 'xid': 722}"
"{'paths': [[[410331.5, 4422864], [410281.0999999996, 4422848.5]]], 'type': 'polyline', 'spatialReference': {'wkid': 26912}}","{'objectid': 723, 'xid': 723}"
"{'paths': [[[410281.0999999996, 4422848.5], [409385.2000000002, 4422933.5], [409061.9000000004, 4422878], [408906.2000000002, 4422888.5], [408848.7000000002, 4422925.5], [407698.7000000002, 4423134.5], [407594.9000000004, 4423171]]], 'type': 'polyline', 'spatialReference': {'wkid': 26912}}","{'objectid': 724, 'xid': 724}"
"{'paths': [[[404905.5, 4422958.5], [405693.5, 4422842], [407512.4000000004, 4423088.5], [407594.9000000004, 4423171]]], 'type': 'polyline', 'spatialReference': {'wkid': 26912}}","{'objectid': 725, 'xid': 725}"
"{'paths': [[[410331.5, 4422864], [410452.4000000004, 4422895], [411595.5, 4422769.5], [411718, 4422708]]], 'type': 'polyline', 'spatialReference': {'wkid': 26912}}","{'objectid': 726, 'xid': 726}"
"{'paths': [[[411718, 4422708], [410281.0999999996, 4422848.5]]], 'type': 'polyline', 'spatialReference': {'wkid': 26912}}","{'objectid': 727, 'xid': 727}"
"{'paths': [[[431241.7000000002, 4422617.5], [431770.7999999998, 4428057.5]]], 'type': 'polyline', 'spatialReference': {'wkid': 26912}}","{'objectid': 728, 'xid': 728}"
"{'paths': [[[411718, 4422708], [414508.0999999996, 4422442]]], 'type': 'polyline', 'spatialReference': {'wkid': 26912}}","{'objectid': 729, 'xid': 729}"
"{'paths': [[[414507.7000000002, 4422405.5], [411807.5, 4422668], [411718, 4422708]]], 'type': 'polyline', 'spatialReference': {'wkid': 26912}}","{'objectid': 730, 'xid': 730}"
"{'paths': [[[478583.7999999998, 4423373.5], [479292.7999999998, 4423387.5], [480251.7999999998, 4423565.5], [483452.4000000004, 4422288.5]]], 'type': 'polyline', 'spatialReference': {'wkid': 26912}}","{'objectid': 731, 'xid': 731}"
"{'paths': [[[478579.7999999998, 4423337.5], [479292.7000000002, 4423354.5], [480248.5, 4423519.5], [486249.2999999998, 4421108.5]]], 'type': 'polyline', 'spatialReference': {'wkid': 26912}}","{'objectid': 732, 'xid': 732}"
"{'paths': [[[486415.5, 4421094.5], [483452.4000000004, 4422288.5]]], 'type': 'polyline', 'spatialReference': {'wkid': 26912}}","{'objectid': 733, 'xid': 733}"
"{'paths': [[[486249.2999999998, 4421108.5], [486415.5, 4421094.5]]], 'type': 'polyline', 'spatialReference': {'wkid': 26912}}","{'objectid': 734, 'xid': 734}"
"{'paths': [[[486415.5, 4421094.5], [487853.2000000002, 4420928.5], [489257.5999999996, 4420735]]], 'type': 'polyline', 'spatialReference': {'wkid': 26912}}","{'objectid': 735, 'xid': 735}"
"{'paths': [[[489257, 4420336.5], [487925.4000000004, 4420433], [486246.7000000002, 4421109]]], 'type': 'polyline', 'spatialReference': {'wkid': 26912}}","{'objectid': 736, 'xid': 736}"
"{'paths': [[[236177, 4418432.5], [233529.7000000002, 4418907.5], [233491.5, 4418877.5], [232685.5, 4419017.5]]], 'type': 'polyline', 'spatialReference': {'wkid': 26912}}","{'objectid': 737, 'xid': 737}"
"{'paths': [[[242235.7000000002, 4418225], [243415.7000000002, 4419781]]], 'type': 'polyline', 'spatialReference': {'wkid': 26912}}","{'objectid': 738, 'xid': 738}"
"{'paths': [[[236229.90000000037, 4418430.5], [240025, 4417750.5], [242008, 4417924], [242239.7000000002, 4418225.5]]], 'type': 'polyline', 'spatialReference': {'wkid': 26912}}","{'objectid': 739, 'xid': 739}"
"{'paths': [[[416306.0999999996, 4428211.5], [416971.7000000002, 4423016], [417212.7000000002, 4421252.5], [418865.5, 4418636.5], [420256.2000000002, 4416485.5]]], 'type': 'polyline', 'spatialReference': {'wkid': 26912}}","{'objectid': 740, 'xid': 740}"
"{'paths': [[[419616.4000000004, 4428177], [419901.9000000004, 4421502.5], [421124.9000000004, 4419362], [423395.5, 4418068.5], [423509.7999999998, 4416786.5], [423306, 4416305.5]]], 'type': 'polyline', 'spatialReference': {'wkid': 26912}}","{'objectid': 741, 'xid': 741}"
"{'paths': [[[422993, 4415349], [422819.0999999996, 4414925]]], 'type': 'polyline', 'spatialReference': {'wkid': 26912}}","{'objectid': 742, 'xid': 742}"
"{'paths': [[[422688.7999999998, 4414559], [422615.7000000002, 4414359]]], 'type': 'polyline', 'spatialReference': {'wkid': 26912}}","{'objectid': 743, 'xid': 743}"
"{'paths': [[[420512.2000000002, 4416134.5], [421315.9000000004, 4415563], [421975, 4414620], [422192, 4414275]]], 'type': 'polyline', 'spatialReference': {'wkid': 26912}}","{'objectid': 744, 'xid': 744}"
"{'paths': [[[422192, 4414275], [422231.7999999998, 4414210.5]]], 'type': 'polyline', 'spatialReference': {'wkid': 26912}}","{'objectid': 745, 'xid': 745}"
"{'paths': [[[430039.5999999996, 4414199], [431128.0999999996, 4421372.5], [431218.7000000002, 4422378.5]]], 'type': 'polyline', 'spatialReference': {'wkid': 26912}}","{'objectid': 746, 'xid': 746}"
"{'paths': [[[452580, 4414029.5], [453723, 4414867.5], [454015.2999999998, 4418336.5], [455606.0999999996, 4422768.5], [456571.4000000004, 4424169.5], [457240.4000000004, 4425173.5]]], 'type': 'polyline', 'spatialReference': {'wkid': 26912}}","{'objectid': 747, 'xid': 747}"
"{'paths': [[[484791.2000000002, 4413897.5], [483766.5, 4416478.5], [483154.4000000004, 4418697.5], [483607.2000000002, 4421253.5], [483190.7999999998, 4422475.5], [480371.7999999998, 4423608.5], [480141.9000000004, 4423641.5], [479179.0999999996, 4423492.5], [478582.7999999998, 4423487.5]]], 'type': 'polyline', 'spatialReference': {'wkid': 26912}}","{'objectid': 748, 'xid': 748}"
"{'paths': [[[478582.7000000002, 4423438.5], [479154.9000000004, 4423449.5], [480138.5, 4423586.5], [480368.5, 4423565.5], [483150.2999999998, 4422435.5], [483552.5, 4421281.5], [483108.7999999998, 4418694], [483701.2999999998, 4416480.5], [484738.4000000004, 4413894]]], 'type': 'polyline', 'spatialReference': {'wkid': 26912}}","{'objectid': 749, 'xid': 749}"
"{'paths': [[[489257.0999999996, 4420337], [490725.5999999996, 4420212.5], [491581.0999999996, 4419814.5], [492461.4000000004, 4419361.5], [492844.2999999998, 4418900.5], [492926.2999999998, 4418780.5], [496065.7999999998, 4413882]]], 'type': 'polyline', 'spatialReference': {'wkid': 26912}}","{'objectid': 750, 'xid': 750}"
"{'paths': [[[489257.5999999996, 4420735], [489480.5, 4420705.5], [490035.0999999996, 4420578.5], [491578.2000000002, 4420112.5], [492626.2000000002, 4419296.5], [496106.2999999998, 4413882]]], 'type': 'polyline', 'spatialReference': {'wkid': 26912}}","{'objectid': 751, 'xid': 751}"
"{'paths': [[[422500, 4413822], [422569.4000000004, 4413717], [422535.0999999996, 4412844]]], 'type': 'polyline', 'spatialReference': {'wkid': 26912}}","{'objectid': 752, 'xid': 752}"
"{'paths': [[[488779.5, 4409871.5], [488852.5999999996, 4410748], [488876.0999999996, 4411222], [489245.5999999996, 4412195]]], 'type': 'polyline', 'spatialReference': {'wkid': 26912}}","{'objectid': 753, 'xid': 753}"
"{'paths': [[[484733.2000000002, 4413894], [484827.2999999998, 4413665.5], [484918.5, 4413607], [485270.5999999996, 4413476], [486482.5999999996, 4412940.5], [488779.5, 4409871.5]]], 'type': 'polyline', 'spatialReference': {'wkid': 26912}}","{'objectid': 754, 'xid': 754}"
"{'paths': [[[499938.5999999996, 4409263.5], [498909.2000000002, 4409557], [496110.2000000002, 4413880.5]]], 'type': 'polyline', 'spatialReference': {'wkid': 26912}}","{'objectid': 755, 'xid': 755}"
"{'paths': [[[488779.5, 4409871.5], [489241.4000000004, 4409251.5]]], 'type': 'polyline', 'spatialReference': {'wkid': 26912}}","{'objectid': 756, 'xid': 756}"
"{'paths': [[[496069.7999999998, 4413880.5], [498883.7000000002, 4409522], [499938.5999999996, 4409204.5]]], 'type': 'polyline', 'spatialReference': {'wkid': 26912}}","{'objectid': 757, 'xid': 757}"
"{'paths': [[[521336.2000000002, 4407442.5], [521915.0999999996, 4410034], [523309.5, 4411730.5], [524120.5, 4412403.5], [524962.5999999996, 4413919.5]]], 'type': 'polyline', 'spatialReference': {'wkid': 26912}}","{'objectid': 758, 'xid': 758}"
"{'paths': [[[430039.5999999996, 4414199], [429850.7000000002, 4412813.5], [428931.5, 4406808.5]]], 'type': 'polyline', 'spatialReference': {'wkid': 26912}}","{'objectid': 759, 'xid': 759}"
"{'paths': [[[488779.5, 4409871.5], [488556.4000000004, 4407321.5], [488531, 4406524.5], [488589, 4405579.5], [488612.5, 4405524.5]]], 'type': 'polyline', 'spatialReference': {'wkid': 26912}}","{'objectid': 760, 'xid': 760}"
"{'paths': [[[488654.0999999996, 4405391.5], [488612.5, 4405524.5]]], 'type': 'polyline', 'spatialReference': {'wkid': 26912}}","{'objectid': 761, 'xid': 761}"
"{'paths': [[[425012.5, 4404518.5], [422627.9000000004, 4406145], [422368.2000000002, 4406746.5], [422376.7000000002, 4407009]]], 'type': 'polyline', 'spatialReference': {'wkid': 26912}}","{'objectid': 762, 'xid': 762}"
"{'paths': [[[428907.0999999996, 4406707.5], [428299.7999999998, 4402326]]], 'type': 'polyline', 'spatialReference': {'wkid': 26912}}","{'objectid': 763, 'xid': 763}"
"{'paths': [[[425009.7000000002, 4404568], [428299.7999999998, 4402326]]], 'type': 'polyline', 'spatialReference': {'wkid': 26912}}","{'objectid': 764, 'xid': 764}"
"{'paths': [[[428299.7999999998, 4402326], [428295.5999999996, 4402288.5]]], 'type': 'polyline', 'spatialReference': {'wkid': 26912}}","{'objectid': 765, 'xid': 765}"
"{'paths': [[[425008.5999999996, 4404519], [428295.5999999996, 4402288.5]]], 'type': 'polyline', 'spatialReference': {'wkid': 26912}}","{'objectid': 766, 'xid': 766}"
"{'paths': [[[424985.7000000002, 4401768], [422168.2000000002, 4401775.5]]], 'type': 'polyline', 'spatialReference': {'wkid': 26912}}","{'objectid': 767, 'xid': 767}"
"{'paths': [[[428204.0999999996, 4401734], [424983.7000000002, 4401767]]], 'type': 'polyline', 'spatialReference': {'wkid': 26912}}","{'objectid': 768, 'xid': 768}"
"{'paths': [[[428931.0999999996, 4400696], [428729.7000000002, 4402032.5], [428299.7999999998, 4402326]]], 'type': 'polyline', 'spatialReference': {'wkid': 26912}}","{'objectid': 769, 'xid': 769}"
"{'paths': [[[428295.5999999996, 4402288.5], [427980, 4400342]]], 'type': 'polyline', 'spatialReference': {'wkid': 26912}}","{'objectid': 770, 'xid': 770}"
"{'paths': [[[428934.9000000004, 4400337], [428695.5999999996, 4402017], [428295.5999999996, 4402288.5]]], 'type': 'polyline', 'spatialReference': {'wkid': 26912}}","{'objectid': 771, 'xid': 771}"
"{'paths': [[[429220.5999999996, 4400332], [428931.0999999996, 4400696]]], 'type': 'polyline', 'spatialReference': {'wkid': 26912}}","{'objectid': 772, 'xid': 772}"
"{'paths': [[[452591.0999999996, 4414027.5], [451897.5999999996, 4413514.5], [451400.5, 4410038.5], [450463.2999999998, 4406951.5], [449717.4000000004, 4404143.5], [449338.7000000002, 4402795.5], [449041.4000000004, 4401619.5], [448647.5, 4400178]]], 'type': 'polyline', 'spatialReference': {'wkid': 26912}}","{'objectid': 773, 'xid': 773}"
"{'paths': [[[488654.0999999996, 4405391.5], [488703.5, 4405253.5], [488684.5, 4404775.5], [488631.2000000002, 4404543.5], [488650, 4404002.5], [488632, 4403752.5], [488509.0999999996, 4402815.5], [487436.2999999998, 4400015.5]]], 'type': 'polyline', 'spatialReference': {'wkid': 26912}}","{'objectid': 774, 'xid': 774}"
"{'paths': [[[511555.9000000004, 4400015], [511555.2000000002, 4400014.5]]], 'type': 'polyline', 'spatialReference': {'wkid': 26912}}","{'objectid': 775, 'xid': 775}"
"{'paths': [[[427980, 4400342], [427819.9000000004, 4399304], [427812.9000000004, 4398217]]], 'type': 'polyline', 'spatialReference': {'wkid': 26912}}","{'objectid': 776, 'xid': 776}"
"{'paths': [[[511769.4000000004, 4397590.5], [511207.2000000002, 4398456], [511422.2999999998, 4399250], [511429.4000000004, 4399767], [511553.9000000004, 4400015]]], 'type': 'polyline', 'spatialReference': {'wkid': 26912}}","{'objectid': 777, 'xid': 777}"
"{'paths': [[[511663.7000000002, 4397462.5], [511659.0999999996, 4397479], [511615.2000000002, 4397473.5], [511608, 4397510], [511666.7999999998, 4397524], [511681.2999999998, 4397463], [511663.7000000002, 4397462.5]]], 'type': 'polyline', 'spatialReference': {'wkid': 26912}}","{'objectid': 778, 'xid': 778}"
"{'paths': [[[435650, 4396650.5], [435061.4000000004, 4396578.5], [432776.4000000004, 4398598.5], [431301.4000000004, 4399475], [429251.5999999996, 4400293], [429220.5999999996, 4400332]]], 'type': 'polyline', 'spatialReference': {'wkid': 26912}}","{'objectid': 779, 'xid': 779}"
"{'paths': [[[435646.2999999998, 4396216.5], [435481.2000000002, 4396264.5], [434975.2000000002, 4396585.5], [433461.5999999996, 4397919.5], [432943.5999999996, 4398351], [432523.5, 4398465.5], [430685.4000000004, 4398224], [429928.7000000002, 4398701], [429008, 4399898], [428934.9000000004, 4400336.5]]], 'type': 'polyline', 'spatialReference': {'wkid': 26912}}","{'objectid': 780, 'xid': 780}"
"{'paths': [[[446357.9000000004, 4395611.5], [439276.2999999998, 4396247], [438515.2999999998, 4397018.5], [435650, 4396650.5]]], 'type': 'polyline', 'spatialReference': {'wkid': 26912}}","{'objectid': 781, 'xid': 781}"
"{'paths': [[[511123, 4394740], [511140.5999999996, 4394742]]], 'type': 'polyline', 'spatialReference': {'wkid': 26912}}","{'objectid': 782, 'xid': 782}"
"{'paths': [[[511140.5999999996, 4394742], [511215.7999999998, 4394746.5], [511204.5999999996, 4394805], [511062, 4394801], [511068, 4394738.5], [511123, 4394740]]], 'type': 'polyline', 'spatialReference': {'wkid': 26912}}","{'objectid': 783, 'xid': 783}"
"{'paths': [[[440462.7000000002, 4393796], [437763.2000000002, 4395630.5], [435646.2999999998, 4396216.5]]], 'type': 'polyline', 'spatialReference': {'wkid': 26912}}","{'objectid': 784, 'xid': 784}"
"{'paths': [[[446317.9000000004, 4389494], [444928.9000000004, 4391507.5], [442887.5, 4393750], [440462.7000000002, 4393796]]], 'type': 'polyline', 'spatialReference': {'wkid': 26912}}","{'objectid': 785, 'xid': 785}"
"{'paths': [[[487436.2999999998, 4400015.5], [487249.2000000002, 4399510.5], [486752, 4397791.5], [486715.2000000002, 4397309], [486843.0999999996, 4393315.5], [486942, 4391069], [487002.4000000004, 4389239]]], 'type': 'polyline', 'spatialReference': {'wkid': 26912}}","{'objectid': 786, 'xid': 786}"
"{'paths': [[[516992, 4392595], [517408, 4392383.5], [521392.9000000004, 4387024]]], 'type': 'polyline', 'spatialReference': {'wkid': 26912}}","{'objectid': 787, 'xid': 787}"
"{'paths': [[[521392.9000000004, 4387024], [521529, 4386839]]], 'type': 'polyline', 'spatialReference': {'wkid': 26912}}","{'objectid': 788, 'xid': 788}"
"{'paths': [[[422126.2999999998, 4397777.5], [422108.5, 4393433], [422045.0999999996, 4386526.5]]], 'type': 'polyline', 'spatialReference': {'wkid': 26912}}","{'objectid': 789, 'xid': 789}"
"{'paths': [[[446316.5, 4389487.5], [448501.0999999996, 4386305]]], 'type': 'polyline', 'spatialReference': {'wkid': 26912}}","{'objectid': 790, 'xid': 790}"
"{'paths': [[[511140.5999999996, 4394742], [511492.4000000004, 4392598], [512008, 4392140], [513604.9000000004, 4390811], [517080.4000000004, 4388133], [517540.7000000002, 4387266.5], [517866, 4386154]]], 'type': 'polyline', 'spatialReference': {'wkid': 26912}}","{'objectid': 791, 'xid': 791}"
"{'paths': [[[511123, 4394740], [511467.5999999996, 4392589], [512195.5, 4391951.5], [513503.2999999998, 4390865.5], [516035.4000000004, 4388889], [516590.5999999996, 4386999.5], [517042, 4386558.5], [517346.7000000002, 4386153.5]]], 'type': 'polyline', 'spatialReference': {'wkid': 26912}}","{'objectid': 792, 'xid': 792}"
"{'paths': [[[498443.5999999996, 4386132.5], [498317.9000000004, 4386483.5], [498228.9000000004, 4386831.5], [497403.2000000002, 4390206], [497595, 4392690], [496945.7000000002, 4395162.5], [496416.0999999996, 4395479.5], [494809.9000000004, 4399336.5], [493918.7999999998, 4400009.5]]], 'type': 'polyline', 'spatialReference': {'wkid': 26912}}","{'objectid': 793, 'xid': 793}"
"{'paths': [[[517866, 4386154], [517926.7000000002, 4385943], [517955, 4385628.5], [517920.2000000002, 4385392]]], 'type': 'polyline', 'spatialReference': {'wkid': 26912}}","{'objectid': 794, 'xid': 794}"
"{'paths': [[[517346.7000000002, 4386153.5], [517920.2000000002, 4385392]]], 'type': 'polyline', 'spatialReference': {'wkid': 26912}}","{'objectid': 795, 'xid': 795}"
"{'paths': [[[522373.0999999996, 4385652.5], [523367.4000000004, 4384277], [523477.5999999996, 4384218], [526733.9000000004, 4382948]]], 'type': 'polyline', 'spatialReference': {'wkid': 26912}}","{'objectid': 796, 'xid': 796}"
"{'paths': [[[517920.2000000002, 4385392], [518031.7999999998, 4385244.5], [520635.7000000002, 4383241], [521405.0999999996, 4382632]]], 'type': 'polyline', 'spatialReference': {'wkid': 26912}}","{'objectid': 797, 'xid': 797}"
"{'paths': [[[498443.5999999996, 4386133.5], [499240.9000000004, 4383835.5], [499268.9000000004, 4381995.5]]], 'type': 'polyline', 'spatialReference': {'wkid': 26912}}","{'objectid': 798, 'xid': 798}"
"{'paths': [[[532145.5, 4380906], [527507.9000000004, 4382686], [526763.4000000004, 4382956.5], [526733.9000000004, 4382948]]], 'type': 'polyline', 'spatialReference': {'wkid': 26912}}","{'objectid': 799, 'xid': 799}"
"{'paths': [[[532145.7000000002, 4380850.5], [530818.0999999996, 4381373.5], [526748.4000000004, 4382915], [526733.9000000004, 4382948]]], 'type': 'polyline', 'spatialReference': {'wkid': 26912}}","{'objectid': 800, 'xid': 800}"
"{'paths': [[[448501.0999999996, 4386305], [451999.7000000002, 4381223.5], [453111.2000000002, 4380498.5], [456989.5999999996, 4380208]]], 'type': 'polyline', 'spatialReference': {'wkid': 26912}}","{'objectid': 801, 'xid': 801}"
"{'paths': [[[532145.7000000002, 4380850.5], [535756, 4379482.5]]], 'type': 'polyline', 'spatialReference': {'wkid': 26912}}","{'objectid': 802, 'xid': 802}"
"{'paths': [[[536478.2000000002, 4379207], [536594.4000000004, 4379160.5]]], 'type': 'polyline', 'spatialReference': {'wkid': 26912}}","{'objectid': 803, 'xid': 803}"
"{'paths': [[[532145.5, 4380906], [535162.9000000004, 4379768.5], [536373.5999999996, 4379290.5], [538678.4000000004, 4378418.5]]], 'type': 'polyline', 'spatialReference': {'wkid': 26912}}","{'objectid': 804, 'xid': 804}"
"{'paths': [[[538991.0999999996, 4378302], [539466.5999999996, 4378117.5]]], 'type': 'polyline', 'spatialReference': {'wkid': 26912}}","{'objectid': 805, 'xid': 805}"
"{'paths': [[[532160.0999999996, 4377407], [523143.2000000002, 4381289.5], [521405.0999999996, 4382632]]], 'type': 'polyline', 'spatialReference': {'wkid': 26912}}","{'objectid': 806, 'xid': 806}"
"{'paths': [[[540079.2999999998, 4377890], [542904.0999999996, 4376812.5]]], 'type': 'polyline', 'spatialReference': {'wkid': 26912}}","{'objectid': 807, 'xid': 807}"
"{'paths': [[[536998.2000000002, 4379009], [538420.5999999996, 4378478.5], [542904.2999999998, 4376761]]], 'type': 'polyline', 'spatialReference': {'wkid': 26912}}","{'objectid': 808, 'xid': 808}"
"{'paths': [[[542904.0999999996, 4376812.5], [544534.2000000002, 4376194], [546581.5999999996, 4375799]]], 'type': 'polyline', 'spatialReference': {'wkid': 26912}}","{'objectid': 809, 'xid': 809}"
"{'paths': [[[552256.7999999998, 4374737], [547041.0999999996, 4375713.5]]], 'type': 'polyline', 'spatialReference': {'wkid': 26912}}","{'objectid': 810, 'xid': 810}"
"{'paths': [[[552363.2000000002, 4374716.5], [552368.2000000002, 4374744.5]]], 'type': 'polyline', 'spatialReference': {'wkid': 26912}}","{'objectid': 811, 'xid': 811}"
"{'paths': [[[552368.2000000002, 4374744.5], [552374.5999999996, 4374773], [552415.2999999998, 4374763.5], [552426.2000000002, 4374713]]], 'type': 'polyline', 'spatialReference': {'wkid': 26912}}","{'objectid': 812, 'xid': 812}"
"{'paths': [[[552422.9000000004, 4374705], [552426.2000000002, 4374713]]], 'type': 'polyline', 'spatialReference': {'wkid': 26912}}","{'objectid': 813, 'xid': 813}"
"{'paths': [[[552363.2000000002, 4374716.5], [552422.9000000004, 4374705]]], 'type': 'polyline', 'spatialReference': {'wkid': 26912}}","{'objectid': 814, 'xid': 814}"
"{'paths': [[[552422.9000000004, 4374705], [552420.4000000004, 4374689.5]]], 'type': 'polyline', 'spatialReference': {'wkid': 26912}}","{'objectid': 815, 'xid': 815}"
"{'paths': [[[542904.2999999998, 4376761], [544522, 4376148.5], [552211.2000000002, 4374681.5]]], 'type': 'polyline', 'spatialReference': {'wkid': 26912}}","{'objectid': 816, 'xid': 816}"
"{'paths': [[[552426.2000000002, 4374713], [552462.2999999998, 4374704], [552459.9000000004, 4374676.5], [552420.4000000004, 4374689.5]]], 'type': 'polyline', 'spatialReference': {'wkid': 26912}}","{'objectid': 817, 'xid': 817}"
"{'paths': [[[398191.0999999996, 4374579.5], [396626.7000000002, 4373851], [396396.0999999996, 4373730], [396071.5999999996, 4373596.5], [395939.4000000004, 4373529], [395901.4000000004, 4373483.5], [395411.0999999996, 4373220], [395284.7000000002, 4373194], [394898.5999999996, 4372972.5]]], 'type': 'polyline', 'spatialReference': {'wkid': 26912}}","{'objectid': 818, 'xid': 818}"
"{'paths': [[[420150.2999999998, 4372671.5], [420169.7000000002, 4374115], [419708.7999999998, 4377607], [420791.5999999996, 4380130], [422025.9000000004, 4383072], [422038, 4384331], [421897.7000000002, 4384509.5], [422040.2000000002, 4385527], [422045.0999999996, 4386526.5]]], 'type': 'polyline', 'spatialReference': {'wkid': 26912}}","{'objectid': 819, 'xid': 819}"
"{'paths': [[[552211.2000000002, 4374681.5], [550409.4000000004, 4372425]]], 'type': 'polyline', 'spatialReference': {'wkid': 26912}}","{'objectid': 820, 'xid': 820}"
"{'paths': [[[391103.7999999998, 4372388], [392448, 4372364.5]]], 'type': 'polyline', 'spatialReference': {'wkid': 26912}}","{'objectid': 821, 'xid': 821}"
"{'paths': [[[532160.0999999996, 4377407], [532525.9000000004, 4377249.5], [536152.0999999996, 4374668.5], [539352.2000000002, 4372361]]], 'type': 'polyline', 'spatialReference': {'wkid': 26912}}","{'objectid': 822, 'xid': 822}"
"{'paths': [[[394898.5999999996, 4372972.5], [393954.4000000004, 4372352], [392446.7000000002, 4372364]]], 'type': 'polyline', 'spatialReference': {'wkid': 26912}}","{'objectid': 823, 'xid': 823}"
"{'paths': [[[472913.7000000002, 4372307.5], [472904.5, 4372467.5], [471673.7999999998, 4373705.5], [467704, 4374829.5]]], 'type': 'polyline', 'spatialReference': {'wkid': 26912}}","{'objectid': 824, 'xid': 824}"
"{'paths': [[[500003.9000000004, 4369729], [500003.9000000004, 4369708.5], [499975.0999999996, 4369708], [499976.4000000004, 4369743], [500003.2999999998, 4369743], [500003.9000000004, 4369729]]], 'type': 'polyline', 'spatialReference': {'wkid': 26912}}","{'objectid': 825, 'xid': 825}"
"{'paths': [[[542948.7000000002, 4368758.5], [541123.5999999996, 4371105.5], [539352.2000000002, 4372361]]], 'type': 'polyline', 'spatialReference': {'wkid': 26912}}","{'objectid': 826, 'xid': 826}"
"{'paths': [[[550409.4000000004, 4372425], [549701.7000000002, 4371571], [545900.9000000004, 4366838.5]]], 'type': 'polyline', 'spatialReference': {'wkid': 26912}}","{'objectid': 827, 'xid': 827}"
"{'paths': [[[545139.2999999998, 4365957.5], [545167.0999999996, 4365921.5], [545191.9000000004, 4365941.5], [545165.4000000004, 4365976.5], [545139.2999999998, 4365957.5]]], 'type': 'polyline', 'spatialReference': {'wkid': 26912}}","{'objectid': 828, 'xid': 828}"
"{'paths': [[[478422.2000000002, 4365339], [476985.5, 4366148], [476617.5, 4366462], [476614.2999999998, 4367377.5], [475961.4000000004, 4368490.5], [474553.4000000004, 4369422.5], [473762.7999999998, 4370062.5], [472914.5, 4371788.5], [472913.7000000002, 4372307.5]]], 'type': 'polyline', 'spatialReference': {'wkid': 26912}}","{'objectid': 829, 'xid': 829}"
"{'paths': [[[489177, 4363193], [488760.7000000002, 4363700], [488468.5999999996, 4363780], [487781.2000000002, 4363854]]], 'type': 'polyline', 'spatialReference': {'wkid': 26912}}","{'objectid': 830, 'xid': 830}"
"{'paths': [[[364755.2000000002, 4359880.5], [364820.2000000002, 4359879.5], [364820.4000000004, 4359813], [364752.7000000002, 4359815], [364755.2000000002, 4359880.5]]], 'type': 'polyline', 'spatialReference': {'wkid': 26912}}","{'objectid': 831, 'xid': 831}"
"{'paths': [[[492083.7000000002, 4359335], [492411, 4359402], [492497, 4359344]]], 'type': 'polyline', 'spatialReference': {'wkid': 26912}}","{'objectid': 832, 'xid': 832}"
"{'paths': [[[492083.7000000002, 4359335], [492032.5, 4359407], [491935, 4359750], [491552.5999999996, 4360351.5], [490582, 4360723], [489769.7000000002, 4362483.5], [489177, 4363193]]], 'type': 'polyline', 'spatialReference': {'wkid': 26912}}","{'objectid': 833, 'xid': 833}"
"{'paths': [[[492175.5999999996, 4359197], [492394.5, 4359340], [492493.7000000002, 4359328]]], 'type': 'polyline', 'spatialReference': {'wkid': 26912}}","{'objectid': 834, 'xid': 834}"
"{'paths': [[[492175.5999999996, 4359197], [492083.7000000002, 4359335]]], 'type': 'polyline', 'spatialReference': {'wkid': 26912}}","{'objectid': 835, 'xid': 835}"
"{'paths': [[[420150.2999999998, 4372673], [419988.2999999998, 4364410.5], [419191.5999999996, 4359284], [419195.5, 4358900.5], [419221.5, 4358807.5]]], 'type': 'polyline', 'spatialReference': {'wkid': 26912}}","{'objectid': 836, 'xid': 836}"
"{'paths': [[[542948.7000000002, 4368758.5], [544156.2000000002, 4367155], [546934.9000000004, 4363567], [547730.7999999998, 4361555.5], [548612.9000000004, 4359259], [549109.7000000002, 4358544]]], 'type': 'polyline', 'spatialReference': {'wkid': 26912}}","{'objectid': 837, 'xid': 837}"
"{'paths': [[[484664.2999999998, 4358404], [483767, 4359509.5], [483684.2999999998, 4359560.5], [481522.7000000002, 4360453.5], [479682.4000000004, 4363652], [479695.2000000002, 4364522], [479633.0999999996, 4364654.5], [478422.2000000002, 4365339]]], 'type': 'polyline', 'spatialReference': {'wkid': 26912}}","{'objectid': 838, 'xid': 838}"
"{'paths': [[[492083.7000000002, 4359335], [491981.7999999998, 4359313], [491565.5999999996, 4359628], [490466.7000000002, 4359383], [490087.9000000004, 4358569], [489908.2999999998, 4358394.5]]], 'type': 'polyline', 'spatialReference': {'wkid': 26912}}","{'objectid': 839, 'xid': 839}"
"{'paths': [[[492322, 4358392], [492253.7999999998, 4358566], [492252.9000000004, 4358980], [492175.5999999996, 4359197]]], 'type': 'polyline', 'spatialReference': {'wkid': 26912}}","{'objectid': 840, 'xid': 840}"
"{'paths': [[[492608, 4359240], [492586.7999999998, 4359084], [492297.7999999998, 4358574], [492360.7000000002, 4358392]]], 'type': 'polyline', 'spatialReference': {'wkid': 26912}}","{'objectid': 841, 'xid': 841}"
"{'paths': [[[492701.9000000004, 4359226], [492674.7999999998, 4359037], [492330, 4358582], [492396.9000000004, 4358392]]], 'type': 'polyline', 'spatialReference': {'wkid': 26912}}","{'objectid': 842, 'xid': 842}"
"{'paths': [[[500003.9000000004, 4369729], [500088.5999999996, 4369733], [500096.5, 4368965.5], [502465.0999999996, 4364167.5], [503044.5, 4361869], [503016.9000000004, 4358389]]], 'type': 'polyline', 'spatialReference': {'wkid': 26912}}","{'objectid': 843, 'xid': 843}"
"{'paths': [[[489169.7999999998, 4358023], [489760.9000000004, 4358249], [489908.2999999998, 4358394.5]]], 'type': 'polyline', 'spatialReference': {'wkid': 26912}}","{'objectid': 844, 'xid': 844}"
"{'paths': [[[489169.0999999996, 4358023], [488109.7999999998, 4357635], [487934, 4357397], [487544.7000000002, 4357254], [486710, 4357278], [486325.5999999996, 4357320], [485222.9000000004, 4357727], [484664.2999999998, 4358404]]], 'type': 'polyline', 'spatialReference': {'wkid': 26912}}","{'objectid': 845, 'xid': 845}"
"{'paths': [[[554820.9000000004, 4358582], [554941.9000000004, 4357743.5], [554994.9000000004, 4356938.5]]], 'type': 'polyline', 'spatialReference': {'wkid': 26912}}","{'objectid': 846, 'xid': 846}"
"{'paths': [[[491829.0999999996, 4358393], [490130.0999999996, 4356639], [489606.5999999996, 4356353]]], 'type': 'polyline', 'spatialReference': {'wkid': 26912}}","{'objectid': 847, 'xid': 847}"
"{'paths': [[[456853.9000000004, 4355892], [456727.7000000002, 4355888], [454793.5999999996, 4355210], [453016.5, 4354880]]], 'type': 'polyline', 'spatialReference': {'wkid': 26912}}","{'objectid': 848, 'xid': 848}"
"{'paths': [[[453016.5, 4354880], [452947.9000000004, 4354949], [452124.7999999998, 4355385.5], [451214.5999999996, 4356074], [450401.7999999998, 4356849], [450336.0999999996, 4356851]]], 'type': 'polyline', 'spatialReference': {'wkid': 26912}}","{'objectid': 849, 'xid': 849}"
"{'paths': [[[461042.0999999996, 4354183], [460904.2000000002, 4354615], [459347.5999999996, 4355310], [459161.5999999996, 4355825], [458936.2999999998, 4355981], [456853.9000000004, 4355892]]], 'type': 'polyline', 'spatialReference': {'wkid': 26912}}","{'objectid': 850, 'xid': 850}"
"{'paths': [[[503016.9000000004, 4358389], [503039.5, 4354427], [502661.5999999996, 4354078]]], 'type': 'polyline', 'spatialReference': {'wkid': 26912}}","{'objectid': 851, 'xid': 851}"
"{'paths': [[[501410.2999999998, 4354078], [502661.5999999996, 4354078]]], 'type': 'polyline', 'spatialReference': {'wkid': 26912}}","{'objectid': 852, 'xid': 852}"
"{'paths': [[[492396.9000000004, 4358392], [492435.5, 4358280], [492898.5999999996, 4357353], [493484.7000000002, 4357147], [495164.9000000004, 4355393], [498202.7999999998, 4353302.5], [499936.2000000002, 4353706.5]]], 'type': 'polyline', 'spatialReference': {'wkid': 26912}}","{'objectid': 853, 'xid': 853}"
"{'paths': [[[549109.7000000002, 4358544], [551967.5, 4354445.5], [552390.9000000004, 4353269]]], 'type': 'polyline', 'spatialReference': {'wkid': 26912}}","{'objectid': 854, 'xid': 854}"
"{'paths': [[[456837.4000000004, 4352907], [455371.4000000004, 4353804.5], [454928.9000000004, 4354276], [454700.9000000004, 4354420.5], [453681.5, 4354705], [453374.7999999998, 4354761], [453053.7999999998, 4354842], [453016.5, 4354880]]], 'type': 'polyline', 'spatialReference': {'wkid': 26912}}","{'objectid': 855, 'xid': 855}"
"{'paths': [[[456837.4000000004, 4352907], [457413.5, 4352550.5], [457877.4000000004, 4352486]]], 'type': 'polyline', 'spatialReference': {'wkid': 26912}}","{'objectid': 856, 'xid': 856}"
"{'paths': [[[492360.7000000002, 4358393], [492402.7000000002, 4358259], [492877.5999999996, 4357334], [493463.7000000002, 4357128], [495112.9000000004, 4355393], [498121.2999999998, 4353318.5], [498991.9000000004, 4352803], [499936.2000000002, 4352143]]], 'type': 'polyline', 'spatialReference': {'wkid': 26912}}","{'objectid': 857, 'xid': 857}"
"{'paths': [[[500178.2000000002, 4351982.5], [500896.9000000004, 4353807.5], [501238.0999999996, 4353979.5]]], 'type': 'polyline', 'spatialReference': {'wkid': 26912}}","{'objectid': 858, 'xid': 858}"
"{'paths': [[[499937.5, 4352150.5], [500178.2000000002, 4351982.5]]], 'type': 'polyline', 'spatialReference': {'wkid': 26912}}","{'objectid': 859, 'xid': 859}"
"{'paths': [[[499937.5, 4351371], [500178.2000000002, 4351982.5]]], 'type': 'polyline', 'spatialReference': {'wkid': 26912}}","{'objectid': 860, 'xid': 860}"
"{'paths': [[[552575.7999999998, 4352771.5], [552840.5, 4352048.5], [553825.9000000004, 4350796.5]]], 'type': 'polyline', 'spatialReference': {'wkid': 26912}}","{'objectid': 861, 'xid': 861}"
"{'paths': [[[500178.2000000002, 4351982.5], [502524.7000000002, 4350350]]], 'type': 'polyline', 'spatialReference': {'wkid': 26912}}","{'objectid': 862, 'xid': 862}"
"{'paths': [[[420770.2999999998, 4348432.5], [420134.7999999998, 4350516.5], [420840.9000000004, 4352023], [419800.2000000002, 4356486.5], [419764.5, 4357231.5], [419585.5, 4357780.5], [419220.2000000002, 4358807.5]]], 'type': 'polyline', 'spatialReference': {'wkid': 26912}}","{'objectid': 863, 'xid': 863}"
"{'paths': [[[420783.7999999998, 4348208.5], [420770.2999999998, 4348432.5]]], 'type': 'polyline', 'spatialReference': {'wkid': 26912}}","{'objectid': 864, 'xid': 864}"
"{'paths': [[[295154.4000000004, 4346998], [295236.9000000004, 4347178.5], [295263.0999999996, 4347197.5]]], 'type': 'polyline', 'spatialReference': {'wkid': 26912}}","{'objectid': 865, 'xid': 865}"
"{'paths': [[[295324.9000000004, 4347196], [295572.5, 4347364], [299119.5, 4348149], [303296.7000000002, 4347447], [304174.0999999996, 4346969]]], 'type': 'polyline', 'spatialReference': {'wkid': 26912}}","{'objectid': 866, 'xid': 866}"
"{'paths': [[[492321.2999999998, 4358393], [492369.7999999998, 4358242], [492840.7000000002, 4357303], [493432.7000000002, 4357099], [495088.5999999996, 4355362], [498173.2000000002, 4353236.5], [498972.7999999998, 4352759], [499624.5, 4352319], [499717.7999999998, 4349569], [499744.7000000002, 4347006], [499936.2000000002, 4346854]]], 'type': 'polyline', 'spatialReference': {'wkid': 26912}}","{'objectid': 867, 'xid': 867}"
"{'paths': [[[294972.7000000002, 4346604], [295115.2000000002, 4346910.5]]], 'type': 'polyline', 'spatialReference': {'wkid': 26912}}","{'objectid': 868, 'xid': 868}"
"{'paths': [[[295324.9000000004, 4347196], [295257, 4347141], [294970.5, 4346520]]], 'type': 'polyline', 'spatialReference': {'wkid': 26912}}","{'objectid': 869, 'xid': 869}"
"{'paths': [[[305756.5, 4346118], [304174.0999999996, 4346969]]], 'type': 'polyline', 'spatialReference': {'wkid': 26912}}","{'objectid': 870, 'xid': 870}"
"{'paths': [[[294972.7000000002, 4346604], [294772.5, 4346182.5], [294364.5999999996, 4345954.5]]], 'type': 'polyline', 'spatialReference': {'wkid': 26912}}","{'objectid': 871, 'xid': 871}"
"{'paths': [[[294349.2000000002, 4345945], [294296.2999999998, 4345914.5]]], 'type': 'polyline', 'spatialReference': {'wkid': 26912}}","{'objectid': 872, 'xid': 872}"
"{'paths': [[[294121.7000000002, 4345818], [294069.5999999996, 4345788.5]]], 'type': 'polyline', 'spatialReference': {'wkid': 26912}}","{'objectid': 873, 'xid': 873}"
"{'paths': [[[293916.4000000004, 4345704], [293721.0999999996, 4345595]]], 'type': 'polyline', 'spatialReference': {'wkid': 26912}}","{'objectid': 874, 'xid': 874}"
"{'paths': [[[293436.9000000004, 4345438.5], [293399.4000000004, 4345417.5]]], 'type': 'polyline', 'spatialReference': {'wkid': 26912}}","{'objectid': 875, 'xid': 875}"
"{'paths': [[[446293.5, 4345394], [446010.5999999996, 4345409.5]]], 'type': 'polyline', 'spatialReference': {'wkid': 26912}}","{'objectid': 876, 'xid': 876}"
"{'paths': [[[292954.2000000002, 4345128.5], [294794.2999999998, 4346157], [294970.5, 4346520]]], 'type': 'polyline', 'spatialReference': {'wkid': 26912}}","{'objectid': 877, 'xid': 877}"
"{'paths': [[[293366, 4345398], [292574.7000000002, 4344961]]], 'type': 'polyline', 'spatialReference': {'wkid': 26912}}","{'objectid': 878, 'xid': 878}"
"{'paths': [[[420963.7000000002, 4344916], [420783.7999999998, 4348208.5]]], 'type': 'polyline', 'spatialReference': {'wkid': 26912}}","{'objectid': 879, 'xid': 879}"
"{'paths': [[[292523.2000000002, 4344933], [292456.2999999998, 4344895.5]]], 'type': 'polyline', 'spatialReference': {'wkid': 26912}}","{'objectid': 880, 'xid': 880}"
"{'paths': [[[292385.4000000004, 4344857.5], [292329.2000000002, 4344826]]], 'type': 'polyline', 'spatialReference': {'wkid': 26912}}","{'objectid': 881, 'xid': 881}"
"{'paths': [[[292281.2000000002, 4344756], [292886, 4345091]]], 'type': 'polyline', 'spatialReference': {'wkid': 26912}}","{'objectid': 882, 'xid': 882}"
"{'paths': [[[555006, 4356762], [555182.9000000004, 4354159], [556417.5999999996, 4348535.5], [556984.5999999996, 4346589], [557078.5, 4346077.5], [557149.5999999996, 4344725.5]]], 'type': 'polyline', 'spatialReference': {'wkid': 26912}}","{'objectid': 883, 'xid': 883}"
"{'paths': [[[553825.9000000004, 4350796.5], [554163, 4350370], [554626.2000000002, 4349046], [555637.7999999998, 4347716], [556970.9000000004, 4345491], [557079.4000000004, 4345230], [557112.7000000002, 4344725.5]]], 'type': 'polyline', 'spatialReference': {'wkid': 26912}}","{'objectid': 884, 'xid': 884}"
"{'paths': [[[510723.0999999996, 4344659], [502524.7000000002, 4350350]]], 'type': 'polyline', 'spatialReference': {'wkid': 26912}}","{'objectid': 885, 'xid': 885}"
"{'paths': [[[510723.0999999996, 4344659], [510905.5999999996, 4344524]]], 'type': 'polyline', 'spatialReference': {'wkid': 26912}}","{'objectid': 886, 'xid': 886}"
"{'paths': [[[489473.7000000002, 4352400], [489744.7999999998, 4352058], [489925.7000000002, 4351035], [492143, 4350966], [492716, 4350380.5], [496684.7000000002, 4345996], [497447.7000000002, 4344517]]], 'type': 'polyline', 'spatialReference': {'wkid': 26912}}","{'objectid': 887, 'xid': 887}"
"{'paths': [[[291563.7000000002, 4344443.5], [291777.4000000004, 4344472.5], [292130.7000000002, 4344671.5]]], 'type': 'polyline', 'spatialReference': {'wkid': 26912}}","{'objectid': 888, 'xid': 888}"
"{'paths': [[[290546.0999999996, 4344299.5], [291273.2000000002, 4344402]]], 'type': 'polyline', 'spatialReference': {'wkid': 26912}}","{'objectid': 889, 'xid': 889}"
"{'paths': [[[288765.2000000002, 4344038.5], [288818.5999999996, 4344061.5], [290466.7000000002, 4344288]]], 'type': 'polyline', 'spatialReference': {'wkid': 26912}}","{'objectid': 890, 'xid': 890}"
"{'paths': [[[288372.5999999996, 4343878], [288685.2999999998, 4344007]]], 'type': 'polyline', 'spatialReference': {'wkid': 26912}}","{'objectid': 891, 'xid': 891}"
"{'paths': [[[288136.5999999996, 4343781], [288224, 4343817]]], 'type': 'polyline', 'spatialReference': {'wkid': 26912}}","{'objectid': 892, 'xid': 892}"
"{'paths': [[[287869.9000000004, 4343669.5], [287997.9000000004, 4343722.5]]], 'type': 'polyline', 'spatialReference': {'wkid': 26912}}","{'objectid': 893, 'xid': 893}"
"{'paths': [[[292294.5, 4344807], [291766.5999999996, 4344511], [288807.5999999996, 4344092], [284052.7000000002, 4342134]]], 'type': 'polyline', 'spatialReference': {'wkid': 26912}}","{'objectid': 894, 'xid': 894}"
"{'paths': [[[284051.5, 4342093.5], [286755, 4343206.5]]], 'type': 'polyline', 'spatialReference': {'wkid': 26912}}","{'objectid': 895, 'xid': 895}"
"{'paths': [[[378326.5999999996, 4341500.5], [378364.7999999998, 4341500.5], [378363.5, 4341461], [378325.2999999998, 4341462], [378326.5999999996, 4341500.5]]], 'type': 'polyline', 'spatialReference': {'wkid': 26912}}","{'objectid': 896, 'xid': 896}"
"{'paths': [[[305756.5, 4346118], [312847.7000000002, 4342255], [316429, 4340885.5]]], 'type': 'polyline', 'spatialReference': {'wkid': 26912}}","{'objectid': 897, 'xid': 897}"
"{'paths': [[[388152.2000000002, 4341223], [392012.9000000004, 4340884]]], 'type': 'polyline', 'spatialReference': {'wkid': 26912}}","{'objectid': 898, 'xid': 898}"
"{'paths': [[[392012.9000000004, 4340884], [393444.2000000002, 4340763]]], 'type': 'polyline', 'spatialReference': {'wkid': 26912}}","{'objectid': 899, 'xid': 899}"
"{'paths': [[[393444.2000000002, 4340763], [394510.2999999998, 4340673], [395309.0999999996, 4340496]]], 'type': 'polyline', 'spatialReference': {'wkid': 26912}}","{'objectid': 900, 'xid': 900}"
"{'paths': [[[395309.0999999996, 4340496], [395508.0999999996, 4340447]]], 'type': 'polyline', 'spatialReference': {'wkid': 26912}}","{'objectid': 901, 'xid': 901}"
"{'paths': [[[402806.9000000004, 4340937], [402379, 4340751], [402157.2000000002, 4340346]]], 'type': 'polyline', 'spatialReference': {'wkid': 26912}}","{'objectid': 902, 'xid': 902}"
"{'paths': [[[395508.0999999996, 4340447], [396113.7999999998, 4340316]]], 'type': 'polyline', 'spatialReference': {'wkid': 26912}}","{'objectid': 903, 'xid': 903}"
"{'paths': [[[396113.7999999998, 4340316], [396592.0999999996, 4340216]]], 'type': 'polyline', 'spatialReference': {'wkid': 26912}}","{'objectid': 904, 'xid': 904}"
"{'paths': [[[402831.2000000002, 4342896.5], [402126.2000000002, 4343607], [400366.2000000002, 4342088], [399911.7000000002, 4340902], [399491.2000000002, 4340477], [399391.9000000004, 4340390], [399243.2000000002, 4340299], [399092.2000000002, 4340244], [398417.0999999996, 4340106], [398107, 4339875]]], 'type': 'polyline', 'spatialReference': {'wkid': 26912}}","{'objectid': 905, 'xid': 905}"
"{'paths': [[[401959, 4339989], [401684, 4339495]]], 'type': 'polyline', 'spatialReference': {'wkid': 26912}}","{'objectid': 906, 'xid': 906}"
"{'paths': [[[394667, 4339298], [394900.2000000002, 4339387], [395425, 4339310], [395927.7999999998, 4339259]]], 'type': 'polyline', 'spatialReference': {'wkid': 26912}}","{'objectid': 907, 'xid': 907}"
"{'paths': [[[404715.0999999996, 4339235], [403846.5999999996, 4340839], [403157.9000000004, 4341087], [402806.9000000004, 4340937]]], 'type': 'polyline', 'spatialReference': {'wkid': 26912}}","{'objectid': 908, 'xid': 908}"
"{'paths': [[[396703.2999999998, 4339209], [397189.0999999996, 4339167]]], 'type': 'polyline', 'spatialReference': {'wkid': 26912}}","{'objectid': 909, 'xid': 909}"
"{'paths': [[[401553.9000000004, 4339262], [401481, 4339125], [401430, 4339103]]], 'type': 'polyline', 'spatialReference': {'wkid': 26912}}","{'objectid': 910, 'xid': 910}"
"{'paths': [[[397464.7999999998, 4339137], [398467.7999999998, 4339036]]], 'type': 'polyline', 'spatialReference': {'wkid': 26912}}","{'objectid': 911, 'xid': 911}"
"{'paths': [[[401230.7000000002, 4339024], [401118.7000000002, 4338980]]], 'type': 'polyline', 'spatialReference': {'wkid': 26912}}","{'objectid': 912, 'xid': 912}"
"{'paths': [[[401057.0999999996, 4338955], [400985.5999999996, 4338928]]], 'type': 'polyline', 'spatialReference': {'wkid': 26912}}","{'objectid': 913, 'xid': 913}"
"{'paths': [[[399555.7000000002, 4338929], [399730.7999999998, 4338914]]], 'type': 'polyline', 'spatialReference': {'wkid': 26912}}","{'objectid': 914, 'xid': 914}"
"{'paths': [[[400779.7000000002, 4338847], [400863.7000000002, 4338879]]], 'type': 'polyline', 'spatialReference': {'wkid': 26912}}","{'objectid': 915, 'xid': 915}"
"{'paths': [[[404927.0999999996, 4338835], [404760.9000000004, 4339150]]], 'type': 'polyline', 'spatialReference': {'wkid': 26912}}","{'objectid': 916, 'xid': 916}"
"{'paths': [[[399859.7000000002, 4338900], [400652.7999999998, 4338820]]], 'type': 'polyline', 'spatialReference': {'wkid': 26912}}","{'objectid': 917, 'xid': 917}"
"{'paths': [[[438951.5, 4344461.5], [438388.5, 4343537.5], [438313.2999999998, 4343350.5], [438152.2000000002, 4342797], [438067.0999999996, 4342606], [435166.2000000002, 4338478.5]]], 'type': 'polyline', 'spatialReference': {'wkid': 26912}}","{'objectid': 918, 'xid': 918}"
"{'paths': [[[405350.2000000002, 4337966], [405130.7999999998, 4338468], [404985.7000000002, 4338727]]], 'type': 'polyline', 'spatialReference': {'wkid': 26912}}","{'objectid': 919, 'xid': 919}"
"{'paths': [[[510905.5999999996, 4344524], [514187.5, 4342252], [516676.7000000002, 4340382], [521529, 4337538.5]]], 'type': 'polyline', 'spatialReference': {'wkid': 26912}}","{'objectid': 920, 'xid': 920}"
"{'paths': [[[316429, 4340885.5], [321244.7000000002, 4339065], [327146.5, 4337118.5]]], 'type': 'polyline', 'spatialReference': {'wkid': 26912}}","{'objectid': 921, 'xid': 921}"
"{'paths': [[[393033.4000000004, 4338085], [391960, 4337051]]], 'type': 'polyline', 'spatialReference': {'wkid': 26912}}","{'objectid': 922, 'xid': 922}"
"{'paths': [[[499757.5, 4336739.5], [499760.0999999996, 4336878], [499937.4000000004, 4336982]]], 'type': 'polyline', 'spatialReference': {'wkid': 26912}}","{'objectid': 923, 'xid': 923}"
"{'paths': [[[497484.7000000002, 4336545.5], [497484.0999999996, 4336740.5], [499757.5, 4336739.5]]], 'type': 'polyline', 'spatialReference': {'wkid': 26912}}","{'objectid': 924, 'xid': 924}"
"{'paths': [[[497484.7000000002, 4336545.5], [497506.4000000004, 4336545.5]]], 'type': 'polyline', 'spatialReference': {'wkid': 26912}}","{'objectid': 925, 'xid': 925}"
"{'paths': [[[497506.4000000004, 4336545.5], [497578.9000000004, 4336546], [497576.9000000004, 4336354.5], [497306.7000000002, 4336353], [497310.7000000002, 4336543.5], [497484.7000000002, 4336545.5]]], 'type': 'polyline', 'spatialReference': {'wkid': 26912}}","{'objectid': 926, 'xid': 926}"
"{'paths': [[[497285.5, 4336058.5], [497285.5, 4336042], [497319.7000000002, 4336043], [497319.7000000002, 4336074.5], [497285.5, 4336075], [497285.5, 4336058.5]]], 'type': 'polyline', 'spatialReference': {'wkid': 26912}}","{'objectid': 927, 'xid': 927}"
"{'paths': [[[359520.7000000002, 4335007.5], [365727.5, 4335074], [370325.2999999998, 4335013.5]]], 'type': 'polyline', 'spatialReference': {'wkid': 26912}}","{'objectid': 928, 'xid': 928}"
"{'paths': [[[359520.7000000002, 4335007.5], [349933.5999999996, 4334879.5]]], 'type': 'polyline', 'spatialReference': {'wkid': 26912}}","{'objectid': 929, 'xid': 929}"
"{'paths': [[[356565.9000000004, 4344954.5], [355808.4000000004, 4343628.5], [351922.2000000002, 4335966.5], [349933.5999999996, 4334879.5]]], 'type': 'polyline', 'spatialReference': {'wkid': 26912}}","{'objectid': 930, 'xid': 930}"
"{'paths': [[[349933.5999999996, 4334879.5], [348711.7999999998, 4334865]]], 'type': 'polyline', 'spatialReference': {'wkid': 26912}}","{'objectid': 931, 'xid': 931}"
"{'paths': [[[370325.2999999998, 4335013.5], [380214.0999999996, 4334861.5]]], 'type': 'polyline', 'spatialReference': {'wkid': 26912}}","{'objectid': 932, 'xid': 932}"
"{'paths': [[[320561.4000000004, 4335025], [327096.5, 4334853.5]]], 'type': 'polyline', 'spatialReference': {'wkid': 26912}}","{'objectid': 933, 'xid': 933}"
"{'paths': [[[348711.7999999998, 4334865], [337902.2999999998, 4334727]]], 'type': 'polyline', 'spatialReference': {'wkid': 26912}}","{'objectid': 934, 'xid': 934}"
"{'paths': [[[391960, 4337051], [391141, 4336268], [390674.0999999996, 4335785], [390317.2999999998, 4335445], [389508.2999999998, 4334700], [389450.2999999998, 4334702]]], 'type': 'polyline', 'spatialReference': {'wkid': 26912}}","{'objectid': 935, 'xid': 935}"
"{'paths': [[[327146.5, 4337118.5], [334495, 4334685], [337902.2999999998, 4334727]]], 'type': 'polyline', 'spatialReference': {'wkid': 26912}}","{'objectid': 936, 'xid': 936}"
"{'paths': [[[254163.2000000002, 4334607.5], [255205.90000000037, 4334461]]], 'type': 'polyline', 'spatialReference': {'wkid': 26912}}","{'objectid': 937, 'xid': 937}"
"{'paths': [[[253851.59999999963, 4334503.5], [254129.2999999998, 4334642], [255467.09999999963, 4334453]]], 'type': 'polyline', 'spatialReference': {'wkid': 26912}}","{'objectid': 938, 'xid': 938}"
"{'paths': [[[255467.09999999963, 4334453], [255635.2999999998, 4334425], [255693.40000000037, 4334446]]], 'type': 'polyline', 'spatialReference': {'wkid': 26912}}","{'objectid': 939, 'xid': 939}"
"{'paths': [[[253746.40000000037, 4334410.5], [253853, 4334461.5]]], 'type': 'polyline', 'spatialReference': {'wkid': 26912}}","{'objectid': 940, 'xid': 940}"
"{'paths': [[[255781.7000000002, 4334442.5], [256396.2999999998, 4334629.5], [257169.59999999963, 4334400]]], 'type': 'polyline', 'spatialReference': {'wkid': 26912}}","{'objectid': 941, 'xid': 941}"
"{'paths': [[[255205.90000000037, 4334461], [255635.7999999998, 4334398.5], [255781.7000000002, 4334442.5]]], 'type': 'polyline', 'spatialReference': {'wkid': 26912}}","{'objectid': 942, 'xid': 942}"
"{'paths': [[[255693.40000000037, 4334446], [256398, 4334663.5], [257308.2000000002, 4334395.5]]], 'type': 'polyline', 'spatialReference': {'wkid': 26912}}","{'objectid': 943, 'xid': 943}"
"{'paths': [[[349933.5999999996, 4334879.5], [348699.0999999996, 4334206]]], 'type': 'polyline', 'spatialReference': {'wkid': 26912}}","{'objectid': 944, 'xid': 944}"
"{'paths': [[[284051.5, 4342093.5], [277138.9000000004, 4339247], [274882.0999999996, 4335390], [273978.2000000002, 4334119.5], [273527.2000000002, 4333980.5], [273451.7000000002, 4333972]]], 'type': 'polyline', 'spatialReference': {'wkid': 26912}}","{'objectid': 945, 'xid': 945}"
"{'paths': [[[273011.7000000002, 4333959], [273525.5999999996, 4334015.5], [273957, 4334142.5], [274855.4000000004, 4335404.5], [277121.7000000002, 4339269.5], [284052.7000000002, 4342134]]], 'type': 'polyline', 'spatialReference': {'wkid': 26912}}","{'objectid': 946, 'xid': 946}"
"{'paths': [[[272810.2000000002, 4333932], [273011.7000000002, 4333959]]], 'type': 'polyline', 'spatialReference': {'wkid': 26912}}","{'objectid': 947, 'xid': 947}"
"{'paths': [[[273056.9000000004, 4333925], [273283.5, 4333954.5]]], 'type': 'polyline', 'spatialReference': {'wkid': 26912}}","{'objectid': 948, 'xid': 948}"
"{'paths': [[[273010.4000000004, 4333915], [273056.9000000004, 4333925]]], 'type': 'polyline', 'spatialReference': {'wkid': 26912}}","{'objectid': 949, 'xid': 949}"
"{'paths': [[[272810.2000000002, 4333932], [272391.9000000004, 4333874]]], 'type': 'polyline', 'spatialReference': {'wkid': 26912}}","{'objectid': 950, 'xid': 950}"
"{'paths': [[[272297.2999999998, 4333865], [272075.2000000002, 4333836]]], 'type': 'polyline', 'spatialReference': {'wkid': 26912}}","{'objectid': 951, 'xid': 951}"
"{'paths': [[[430238.2000000002, 4333806], [430633.5999999996, 4333793], [433540.9000000004, 4336174], [435166.9000000004, 4338480]]], 'type': 'polyline', 'spatialReference': {'wkid': 26912}}","{'objectid': 952, 'xid': 952}"
"{'paths': [[[532340.2000000002, 4333757], [524675.7999999998, 4335696.5], [521529, 4337538.5]]], 'type': 'polyline', 'spatialReference': {'wkid': 26912}}","{'objectid': 953, 'xid': 953}"
"{'paths': [[[257308.2000000002, 4334395.5], [259167.5, 4333858], [262187.7000000002, 4333750]]], 'type': 'polyline', 'spatialReference': {'wkid': 26912}}","{'objectid': 954, 'xid': 954}"
"{'paths': [[[257169.59999999963, 4334400], [259162.40000000037, 4333821.5], [262186.7000000002, 4333718]]], 'type': 'polyline', 'spatialReference': {'wkid': 26912}}","{'objectid': 955, 'xid': 955}"
"{'paths': [[[271915.7000000002, 4333818.5], [269537.5999999996, 4333435], [262187.7000000002, 4333750]]], 'type': 'polyline', 'spatialReference': {'wkid': 26912}}","{'objectid': 956, 'xid': 956}"
"{'paths': [[[262186.7000000002, 4333718], [269536.7000000002, 4333407.5], [271727.7999999998, 4333763], [273010.4000000004, 4333915]]], 'type': 'polyline', 'spatialReference': {'wkid': 26912}}","{'objectid': 957, 'xid': 957}"
"{'paths': [[[251355.5, 4333332], [253851.59999999963, 4334503.5]]], 'type': 'polyline', 'spatialReference': {'wkid': 26912}}","{'objectid': 958, 'xid': 958}"
"{'paths': [[[251354.40000000037, 4333297], [253143.90000000037, 4334128.5]]], 'type': 'polyline', 'spatialReference': {'wkid': 26912}}","{'objectid': 959, 'xid': 959}"
"{'paths': [[[327096.5, 4334853.5], [331309.4000000004, 4334741], [337389.5, 4332360], [337424.5, 4332327.5]]], 'type': 'polyline', 'spatialReference': {'wkid': 26912}}","{'objectid': 960, 'xid': 960}"
"{'paths': [[[348699.0999999996, 4334206], [345429.0999999996, 4332415], [344893.2000000002, 4332176.5]]], 'type': 'polyline', 'spatialReference': {'wkid': 26912}}","{'objectid': 961, 'xid': 961}"
"{'paths': [[[532340.2000000002, 4333757], [533243.0999999996, 4333520], [543150.7999999998, 4332025]]], 'type': 'polyline', 'spatialReference': {'wkid': 26912}}","{'objectid': 962, 'xid': 962}"
"{'paths': [[[337844.9000000004, 4331949], [337646.0999999996, 4332132.5]]], 'type': 'polyline', 'spatialReference': {'wkid': 26912}}","{'objectid': 963, 'xid': 963}"
"{'paths': [[[231427, 4331261.5], [229644.09999999963, 4331392]]], 'type': 'polyline', 'spatialReference': {'wkid': 26912}}","{'objectid': 964, 'xid': 964}"
"{'paths': [[[420963.7000000002, 4344916], [420994, 4344266], [420753.5999999996, 4331236.5]]], 'type': 'polyline', 'spatialReference': {'wkid': 26912}}","{'objectid': 965, 'xid': 965}"
"{'paths': [[[406865.9000000004, 4331195.5], [406893.9000000004, 4331941], [406924.7999999998, 4334050], [406947.0999999996, 4334643], [405393.2000000002, 4337871]]], 'type': 'polyline', 'spatialReference': {'wkid': 26912}}","{'objectid': 966, 'xid': 966}"
"{'paths': [[[409271.0999999996, 4331168], [407432, 4336291], [407223.5999999996, 4337007], [406778.0999999996, 4339000], [402831.2000000002, 4342896.5]]], 'type': 'polyline', 'spatialReference': {'wkid': 26912}}","{'objectid': 967, 'xid': 967}"
"{'paths': [[[240457.40000000037, 4331024.5], [249057.90000000037, 4332258], [251355.5, 4333332]]], 'type': 'polyline', 'spatialReference': {'wkid': 26912}}","{'objectid': 968, 'xid': 968}"
"{'paths': [[[240456.40000000037, 4330994], [249065.5, 4332227], [251354.40000000037, 4333297]]], 'type': 'polyline', 'spatialReference': {'wkid': 26912}}","{'objectid': 969, 'xid': 969}"
"{'paths': [[[557112.7000000002, 4344725.5], [557251.9000000004, 4334601.5], [558231.5999999996, 4330861]]], 'type': 'polyline', 'spatialReference': {'wkid': 26912}}","{'objectid': 970, 'xid': 970}"
"{'paths': [[[543150.7999999998, 4332025], [544004.7999999998, 4331892], [545866.2000000002, 4330779.5]]], 'type': 'polyline', 'spatialReference': {'wkid': 26912}}","{'objectid': 971, 'xid': 971}"
"{'paths': [[[240456.5, 4330996], [238638.7000000002, 4330732.5], [231427, 4331261.5]]], 'type': 'polyline', 'spatialReference': {'wkid': 26912}}","{'objectid': 972, 'xid': 972}"
"{'paths': [[[497506.4000000004, 4336545.5], [497507.0999999996, 4336717.5], [499714.7000000002, 4336721.5], [499683.5999999996, 4333117], [498347.2999999998, 4330645.5]]], 'type': 'polyline', 'spatialReference': {'wkid': 26912}}","{'objectid': 973, 'xid': 973}"
"{'paths': [[[499757.5, 4336739.5], [499713.2000000002, 4333104.5], [498392.7999999998, 4330645.5]]], 'type': 'polyline', 'spatialReference': {'wkid': 26912}}","{'objectid': 974, 'xid': 974}"
"{'paths': [[[340190, 4330003], [340446.2000000002, 4330236.5], [344893.2000000002, 4332176.5]]], 'type': 'polyline', 'spatialReference': {'wkid': 26912}}","{'objectid': 975, 'xid': 975}"
"{'paths': [[[337844.9000000004, 4331949], [340076.5, 4329936.5], [340167.2000000002, 4330015.5], [340190, 4330003]]], 'type': 'polyline', 'spatialReference': {'wkid': 26912}}","{'objectid': 976, 'xid': 976}"
"{'paths': [[[545866.2000000002, 4330779.5], [546467.2000000002, 4330420.5], [547073.2999999998, 4329757.5], [547960.2000000002, 4327964], [548885.4000000004, 4326650.5]]], 'type': 'polyline', 'spatialReference': {'wkid': 26912}}","{'objectid': 977, 'xid': 977}"
"{'paths': [[[548944.0999999996, 4326554], [549097.7000000002, 4326358]]], 'type': 'polyline', 'spatialReference': {'wkid': 26912}}","{'objectid': 978, 'xid': 978}"
"{'paths': [[[549557.7999999998, 4325713.5], [549704.2999999998, 4325507.5], [550210.2999999998, 4324297]]], 'type': 'polyline', 'spatialReference': {'wkid': 26912}}","{'objectid': 979, 'xid': 979}"
"{'paths': [[[550312.2000000002, 4324050], [550524.0999999996, 4323537], [552273.2999999998, 4321861.5], [553317.9000000004, 4320878.5], [554034.4000000004, 4320502]]], 'type': 'polyline', 'spatialReference': {'wkid': 26912}}","{'objectid': 980, 'xid': 980}"
"{'paths': [[[558231.5999999996, 4330861], [560104.5999999996, 4323802], [561280.5, 4320545.5], [562409.7000000002, 4319216], [563764.0999999996, 4318363.5], [564120.2999999998, 4318100.5]]], 'type': 'polyline', 'spatialReference': {'wkid': 26912}}","{'objectid': 981, 'xid': 981}"
"{'paths': [[[564120.2999999998, 4318100.5], [564876.9000000004, 4317922]]], 'type': 'polyline', 'spatialReference': {'wkid': 26912}}","{'objectid': 982, 'xid': 982}"
"{'paths': [[[384367.4000000004, 4318832.5], [384409, 4318741.5], [384904.9000000004, 4318043.5], [385140.4000000004, 4317608]]], 'type': 'polyline', 'spatialReference': {'wkid': 26912}}","{'objectid': 983, 'xid': 983}"
"{'paths': [[[564120.2999999998, 4318100.5], [564879.9000000004, 4317544.5]]], 'type': 'polyline', 'spatialReference': {'wkid': 26912}}","{'objectid': 984, 'xid': 984}"
"{'paths': [[[409301.9000000004, 4317293.5], [409196.2999999998, 4317476.5], [407972.2000000002, 4319192.5], [406670.2999999998, 4321100.5], [406660.7000000002, 4323245.5], [406716.9000000004, 4325530.5], [406719.7000000002, 4326495.5], [406828.5, 4330767], [406865.9000000004, 4331195.5]]], 'type': 'polyline', 'spatialReference': {'wkid': 26912}}","{'objectid': 985, 'xid': 985}"
"{'paths': [[[412280.7999999998, 4317259.5], [410564.4000000004, 4320997.5], [410338.9000000004, 4326018.5], [410380, 4328112], [409271.0999999996, 4331168]]], 'type': 'polyline', 'spatialReference': {'wkid': 26912}}","{'objectid': 986, 'xid': 986}"
"{'paths': [[[419908.7999999998, 4317179], [420111.9000000004, 4317918], [420520.7999999998, 4319288], [420730.7000000002, 4330464]]], 'type': 'polyline', 'spatialReference': {'wkid': 26912}}","{'objectid': 987, 'xid': 987}"
"{'paths': [[[564876.9000000004, 4317922], [568592.7999999998, 4317099.5], [571392, 4317122], [571535.9000000004, 4317205], [571711.7000000002, 4317196.5]]], 'type': 'polyline', 'spatialReference': {'wkid': 26912}}","{'objectid': 988, 'xid': 988}"
"{'paths': [[[564879.9000000004, 4317544.5], [565167.0999999996, 4317338], [565521, 4317045.5]]], 'type': 'polyline', 'spatialReference': {'wkid': 26912}}","{'objectid': 989, 'xid': 989}"
"{'paths': [[[554034.4000000004, 4320502], [555693.5, 4319626], [557703.2999999998, 4317911.5], [558831.2000000002, 4316993]]], 'type': 'polyline', 'spatialReference': {'wkid': 26912}}","{'objectid': 990, 'xid': 990}"
"{'paths': [[[490969, 4316779], [498347.2999999998, 4330645.5]]], 'type': 'polyline', 'spatialReference': {'wkid': 26912}}","{'objectid': 991, 'xid': 991}"
"{'paths': [[[498392.7999999998, 4330645.5], [497141, 4328270.5], [494765.7999999998, 4323840], [493333.2000000002, 4321107.5], [491025.7999999998, 4316778.5]]], 'type': 'polyline', 'spatialReference': {'wkid': 26912}}","{'objectid': 992, 'xid': 992}"
"{'paths': [[[412282.2000000002, 4317259.5], [412899, 4315917.5], [413158.2999999998, 4315399], [413175.9000000004, 4315376.5], [413319.4000000004, 4315324.5]]], 'type': 'polyline', 'spatialReference': {'wkid': 26912}}","{'objectid': 993, 'xid': 993}"
"{'paths': [[[565521, 4317045.5], [566930.2000000002, 4315965.5], [572531, 4314759.5], [572763.5, 4314561], [573077.5999999996, 4314608.5], [574172.2999999998, 4314305.5], [574235.5999999996, 4314185.5], [574808.0999999996, 4314178.5], [575738.9000000004, 4313951]]], 'type': 'polyline', 'spatialReference': {'wkid': 26912}}","{'objectid': 994, 'xid': 994}"
"{'paths': [[[489108.7000000002, 4313466], [489364.9000000004, 4313777.5], [490969, 4316779]]], 'type': 'polyline', 'spatialReference': {'wkid': 26912}}","{'objectid': 995, 'xid': 995}"
"{'paths': [[[491025.7999999998, 4316778.5], [489442.2999999998, 4313834.5], [489407.7999999998, 4313748.5], [489108.5999999996, 4313388.5]]], 'type': 'polyline', 'spatialReference': {'wkid': 26912}}","{'objectid': 996, 'xid': 996}"
"{'paths': [[[385140.4000000004, 4317608], [385704.2000000002, 4316569.5], [385647.2999999998, 4315785.5], [386107.0999999996, 4313803.5], [386151.9000000004, 4313701.5], [386133.7999999998, 4313593.5], [386150.0999999996, 4313440], [386328.2999999998, 4312638], [386416.9000000004, 4312454]]], 'type': 'polyline', 'spatialReference': {'wkid': 26912}}","{'objectid': 997, 'xid': 997}"
"{'paths': [[[409301.9000000004, 4317293.5], [411406.0999999996, 4314325.5], [412878, 4312038.5], [413276.7999999998, 4311445]]], 'type': 'polyline', 'spatialReference': {'wkid': 26912}}","{'objectid': 998, 'xid': 998}"
"{'paths': [[[558831.2000000002, 4316993], [562424, 4314075.5], [564834.0999999996, 4310582], [564937.7000000002, 4310529]]], 'type': 'polyline', 'spatialReference': {'wkid': 26912}}","{'objectid': 999, 'xid': 999}"
"{'paths': [[[575779.2000000002, 4309814.5], [573116.4000000004, 4310070.5], [572561.4000000004, 4310223], [565247.7999999998, 4310366.5], [564937.7000000002, 4310529]]], 'type': 'polyline', 'spatialReference': {'wkid': 26912}}","{'objectid': 1000, 'xid': 1000}"
"{'paths': [[[386419.4000000004, 4312440], [384416, 4309561], [382802.4000000004, 4308212], [381319.2000000002, 4307560], [380711.5, 4307362]]], 'type': 'polyline', 'spatialReference': {'wkid': 26912}}","{'objectid': 1001, 'xid': 1001}"
"{'paths': [[[380711.5, 4307362], [378188.7000000002, 4306522]]], 'type': 'polyline', 'spatialReference': {'wkid': 26912}}","{'objectid': 1002, 'xid': 1002}"
"{'paths': [[[419908.9000000004, 4317180.5], [417290.2000000002, 4308203], [416254.7000000002, 4305925.5]]], 'type': 'polyline', 'spatialReference': {'wkid': 26912}}","{'objectid': 1003, 'xid': 1003}"
"{'paths': [[[424059.2000000002, 4306081.5], [421393.5999999996, 4306032.5], [417711.5999999996, 4305919.5], [416254.7000000002, 4305925.5]]], 'type': 'polyline', 'spatialReference': {'wkid': 26912}}","{'objectid': 1004, 'xid': 1004}"
"{'paths': [[[575738.9000000004, 4313951], [576440.5999999996, 4313772.5], [580330.5999999996, 4311572.5], [582351.2000000002, 4309606.5], [584835.9000000004, 4307266], [586662, 4305506]]], 'type': 'polyline', 'spatialReference': {'wkid': 26912}}","{'objectid': 1005, 'xid': 1005}"
"{'paths': [[[586662.4000000004, 4305468], [582814.4000000004, 4309143.5], [575779.2000000002, 4309814.5]]], 'type': 'polyline', 'spatialReference': {'wkid': 26912}}","{'objectid': 1006, 'xid': 1006}"
"{'paths': [[[489107.2000000002, 4313386], [486615.5, 4310629], [484650.7999999998, 4308408], [480861.7999999998, 4306430.5], [478256.9000000004, 4305271.5]]], 'type': 'polyline', 'spatialReference': {'wkid': 26912}}","{'objectid': 1007, 'xid': 1007}"
"{'paths': [[[489107.2000000002, 4313334], [484671.2999999998, 4308375], [480877.5999999996, 4306396], [478256.7999999998, 4305226]]], 'type': 'polyline', 'spatialReference': {'wkid': 26912}}","{'objectid': 1008, 'xid': 1008}"
"{'paths': [[[358987.7000000002, 4305179], [362730.2999999998, 4305166.5], [369832.0999999996, 4305110]]], 'type': 'polyline', 'spatialReference': {'wkid': 26912}}","{'objectid': 1009, 'xid': 1009}"
"{'paths': [[[424059.2000000002, 4306082.5], [424198.2000000002, 4306077.5], [424959.2000000002, 4304976.5], [425217.2000000002, 4304901.5], [425797.5, 4304682.5], [426017.5999999996, 4304793.5], [426300.7000000002, 4304775.5], [426361.2000000002, 4304744.5]]], 'type': 'polyline', 'spatialReference': {'wkid': 26912}}","{'objectid': 1010, 'xid': 1010}"
"{'paths': [[[415061.0999999996, 4304520.5], [416716.7999999998, 4306961], [417259.2000000002, 4308149.5], [417552.0999999996, 4309146], [417161.7000000002, 4310333], [416668.7000000002, 4312428], [415373.2000000002, 4313883.5], [415164, 4314096], [414117.0999999996, 4315022.5], [413319.4000000004, 4315324.5]]], 'type': 'polyline', 'spatialReference': {'wkid': 26912}}","{'objectid': 1011, 'xid': 1011}"
"{'paths': [[[415061.0999999996, 4304520.5], [414958.0999999996, 4307060], [414871.7999999998, 4308635], [414672.0999999996, 4309191], [414094, 4310100.5], [413276.7999999998, 4311445]]], 'type': 'polyline', 'spatialReference': {'wkid': 26912}}","{'objectid': 1012, 'xid': 1012}"
"{'paths': [[[358987.7000000002, 4305179], [358204.2000000002, 4305193], [356762.5, 4304249.5], [356559.7000000002, 4304201]]], 'type': 'polyline', 'spatialReference': {'wkid': 26912}}","{'objectid': 1013, 'xid': 1013}"
"{'paths': [[[588860.0999999996, 4303401], [586662, 4305506]]], 'type': 'polyline', 'spatialReference': {'wkid': 26912}}","{'objectid': 1014, 'xid': 1014}"
"{'paths': [[[586662.4000000004, 4305468], [588816.4000000004, 4303400.5]]], 'type': 'polyline', 'spatialReference': {'wkid': 26912}}","{'objectid': 1015, 'xid': 1015}"
"{'paths': [[[414278.9000000004, 4303364.5], [415061.0999999996, 4304520.5]]], 'type': 'polyline', 'spatialReference': {'wkid': 26912}}","{'objectid': 1016, 'xid': 1016}"
"{'paths': [[[415061.0999999996, 4304520.5], [415113.7000000002, 4303563.5], [415008.9000000004, 4303356.5]]], 'type': 'polyline', 'spatialReference': {'wkid': 26912}}","{'objectid': 1017, 'xid': 1017}"
"{'paths': [[[416254.7000000002, 4305925.5], [415087, 4303356.5]]], 'type': 'polyline', 'spatialReference': {'wkid': 26912}}","{'objectid': 1018, 'xid': 1018}"
"{'paths': [[[426361.2000000002, 4304744.5], [426597.2999999998, 4304582.5], [427418.5, 4304216.5], [429451.5, 4303246.5], [429766.2000000002, 4303213.5]]], 'type': 'polyline', 'spatialReference': {'wkid': 26912}}","{'objectid': 1019, 'xid': 1019}"
"{'paths': [[[426361.2000000002, 4304744.5], [426689.2999999998, 4304584.5], [427119.0999999996, 4304403.5], [429446.5999999996, 4303289.5], [430122.2999999998, 4303210.5]]], 'type': 'polyline', 'spatialReference': {'wkid': 26912}}","{'objectid': 1020, 'xid': 1020}"
"{'paths': [[[436902.5999999996, 4303152.5], [437150.4000000004, 4303188], [439471.5999999996, 4303716], [439788.7999999998, 4303750], [440993.4000000004, 4303226], [441101.7999999998, 4303119.5]]], 'type': 'polyline', 'spatialReference': {'wkid': 26912}}","{'objectid': 1021, 'xid': 1021}"
"{'paths': [[[436732.5, 4303153.5], [437045.9000000004, 4303199], [437343, 4303264.5], [439457.2999999998, 4303757.5], [439819, 4303795.5], [441007.5, 4303254.5], [441163.2999999998, 4303119.5]]], 'type': 'polyline', 'spatialReference': {'wkid': 26912}}","{'objectid': 1022, 'xid': 1022}"
"{'paths': [[[478253.5999999996, 4305272.5], [474015.5999999996, 4303359], [473170.2000000002, 4303269], [472906.4000000004, 4302948]]], 'type': 'polyline', 'spatialReference': {'wkid': 26912}}","{'objectid': 1023, 'xid': 1023}"
"{'paths': [[[478253.5, 4305227.5], [474026, 4303310], [473191.2000000002, 4303226], [472960, 4302948]]], 'type': 'polyline', 'spatialReference': {'wkid': 26912}}","{'objectid': 1024, 'xid': 1024}"
"{'paths': [[[434871, 4302711.5], [434318.4000000004, 4302793.5], [431958.2000000002, 4303043.5], [430122.2999999998, 4303210.5]]], 'type': 'polyline', 'spatialReference': {'wkid': 26912}}","{'objectid': 1025, 'xid': 1025}"
"{'paths': [[[436732.5, 4303153.5], [434872.2999999998, 4302710.5]]], 'type': 'polyline', 'spatialReference': {'wkid': 26912}}","{'objectid': 1026, 'xid': 1026}"
"{'paths': [[[434871.2999999998, 4302666.5], [436902.5999999996, 4303152.5]]], 'type': 'polyline', 'spatialReference': {'wkid': 26912}}","{'objectid': 1027, 'xid': 1027}"
"{'paths': [[[429766.2000000002, 4303213.5], [432207.2000000002, 4302978.5], [434294.7999999998, 4302750.5], [434871.2999999998, 4302666.5]]], 'type': 'polyline', 'spatialReference': {'wkid': 26912}}","{'objectid': 1028, 'xid': 1028}"
"{'paths': [[[348083.2000000002, 4302185.5], [356559.7000000002, 4304201]]], 'type': 'polyline', 'spatialReference': {'wkid': 26912}}","{'objectid': 1029, 'xid': 1029}"
"{'paths': [[[588816.4000000004, 4303400.5], [589824.0999999996, 4302443], [590281.9000000004, 4301950.5]]], 'type': 'polyline', 'spatialReference': {'wkid': 26912}}","{'objectid': 1030, 'xid': 1030}"
"{'paths': [[[413170.2000000002, 4301731.5], [414278.2999999998, 4303364.5]]], 'type': 'polyline', 'spatialReference': {'wkid': 26912}}","{'objectid': 1031, 'xid': 1031}"
"{'paths': [[[588860.0999999996, 4303401], [589861.7999999998, 4302447], [590965.0999999996, 4301261]]], 'type': 'polyline', 'spatialReference': {'wkid': 26912}}","{'objectid': 1032, 'xid': 1032}"
"{'paths': [[[413901.0999999996, 4300695.5], [415085.7000000002, 4303356.5]]], 'type': 'polyline', 'spatialReference': {'wkid': 26912}}","{'objectid': 1033, 'xid': 1033}"
"{'paths': [[[413811.7000000002, 4300150.5], [413811, 4300565.5], [413862.7999999998, 4300704.5], [414066.7000000002, 4301249.5], [414397.5999999996, 4302035.5], [415008.9000000004, 4303356.5]]], 'type': 'polyline', 'spatialReference': {'wkid': 26912}}","{'objectid': 1034, 'xid': 1034}"
"{'paths': [[[414013, 4300145.5], [413901.0999999996, 4300695.5]]], 'type': 'polyline', 'spatialReference': {'wkid': 26912}}","{'objectid': 1035, 'xid': 1035}"
"{'paths': [[[413654.0999999996, 4300023.5], [413662.2999999998, 4300165.5], [413901.0999999996, 4300695.5]]], 'type': 'polyline', 'spatialReference': {'wkid': 26912}}","{'objectid': 1036, 'xid': 1036}"
"{'paths': [[[413624.5999999996, 4299870.5], [413149.0999999996, 4299866.5]]], 'type': 'polyline', 'spatialReference': {'wkid': 26912}}","{'objectid': 1037, 'xid': 1037}"
"{'paths': [[[411741.2000000002, 4299863.5], [412563.7999999998, 4300831.5], [413170.2000000002, 4301731.5]]], 'type': 'polyline', 'spatialReference': {'wkid': 26912}}","{'objectid': 1038, 'xid': 1038}"
"{'paths': [[[411931.7999999998, 4299852.5], [412014.2000000002, 4299932.5], [413150.0999999996, 4299893.5]]], 'type': 'polyline', 'spatialReference': {'wkid': 26912}}","{'objectid': 1039, 'xid': 1039}"
"{'paths': [[[411931.7999999998, 4299852.5], [411741.2000000002, 4299863.5]]], 'type': 'polyline', 'spatialReference': {'wkid': 26912}}","{'objectid': 1040, 'xid': 1040}"
"{'paths': [[[413145.7999999998, 4299804.5], [411931.7999999998, 4299852.5]]], 'type': 'polyline', 'spatialReference': {'wkid': 26912}}","{'objectid': 1041, 'xid': 1041}"
"{'paths': [[[337528, 4299645.5], [348083.2000000002, 4302185.5]]], 'type': 'polyline', 'spatialReference': {'wkid': 26912}}","{'objectid': 1042, 'xid': 1042}"
"{'paths': [[[413977.2000000002, 4298368.5], [414020.0999999996, 4298414.5], [413760.0999999996, 4299841.5]]], 'type': 'polyline', 'spatialReference': {'wkid': 26912}}","{'objectid': 1043, 'xid': 1043}"
"{'paths': [[[445685.5, 4298160], [445163.2000000002, 4298662.5], [444947.2999999998, 4299049], [444893.5999999996, 4299418], [444640.2999999998, 4300700], [443471.7999999998, 4301529], [441163.2999999998, 4303119.5]]], 'type': 'polyline', 'spatialReference': {'wkid': 26912}}","{'objectid': 1044, 'xid': 1044}"
"{'paths': [[[441101.7999999998, 4303119.5], [444600.5, 4300682.5], [444802.7999999998, 4299687.5], [444910.7000000002, 4299023.5], [445112.7999999998, 4298655.5], [445684.4000000004, 4298094.5]]], 'type': 'polyline', 'spatialReference': {'wkid': 26912}}","{'objectid': 1045, 'xid': 1045}"
"{'paths': [[[232743.2999999998, 4297424], [232807.7000000002, 4296596]]], 'type': 'polyline', 'spatialReference': {'wkid': 26912}}","{'objectid': 1046, 'xid': 1046}"
"{'paths': [[[467378.9000000004, 4296357], [468686.2999999998, 4296334.5], [469624.5, 4297257.5], [470909.9000000004, 4300301], [472906.4000000004, 4302948]]], 'type': 'polyline', 'spatialReference': {'wkid': 26912}}","{'objectid': 1047, 'xid': 1047}"
"{'paths': [[[467378.0999999996, 4296308], [468727.2000000002, 4296292], [469661.4000000004, 4297219], [470977.5, 4300313], [472960, 4302948]]], 'type': 'polyline', 'spatialReference': {'wkid': 26912}}","{'objectid': 1048, 'xid': 1048}"
"{'paths': [[[408533.2999999998, 4296113.5], [411741.2000000002, 4299863.5]]], 'type': 'polyline', 'spatialReference': {'wkid': 26912}}","{'objectid': 1049, 'xid': 1049}"
"{'paths': [[[597620.7000000002, 4296079], [591670.2999999998, 4300505.5], [591241.2000000002, 4300961.5]]], 'type': 'polyline', 'spatialReference': {'wkid': 26912}}","{'objectid': 1050, 'xid': 1050}"
"{'paths': [[[591048.7000000002, 4301124], [591654.7000000002, 4300481], [597621.2000000002, 4296038]]], 'type': 'polyline', 'spatialReference': {'wkid': 26912}}","{'objectid': 1051, 'xid': 1051}"
"{'paths': [[[445685.5, 4298158.5], [446024.5, 4297860.5], [447091.7000000002, 4297502.5], [447404.5999999996, 4297543], [448187.5999999996, 4297458.5], [452586.7000000002, 4296266], [454198, 4296206], [454978.7000000002, 4295930.5], [456523.0999999996, 4295723]]], 'type': 'polyline', 'spatialReference': {'wkid': 26912}}","{'objectid': 1052, 'xid': 1052}"
"{'paths': [[[456522.7999999998, 4295675], [454942.0999999996, 4295889], [454183.9000000004, 4296167], [452572, 4296231], [451288.2999999998, 4296565.5], [448703.7000000002, 4297280.5], [448125.0999999996, 4297422.5], [447394.2999999998, 4297489.5], [447093.4000000004, 4297461.5], [446015.7000000002, 4297819], [445684.4000000004, 4298094.5]]], 'type': 'polyline', 'spatialReference': {'wkid': 26912}}","{'objectid': 1053, 'xid': 1053}"
"{'paths': [[[458371.9000000004, 4295720], [457916.5999999996, 4295560], [456523.0999999996, 4295723]]], 'type': 'polyline', 'spatialReference': {'wkid': 26912}}","{'objectid': 1054, 'xid': 1054}"
"{'paths': [[[459992.9000000004, 4295852], [459818.7999999998, 4295884], [459134.0999999996, 4295924], [457921, 4295516], [456522.7999999998, 4295675]]], 'type': 'polyline', 'spatialReference': {'wkid': 26912}}","{'objectid': 1055, 'xid': 1055}"
"{'paths': [[[418753.7000000002, 4295318.5], [418734.4000000004, 4295376], [418312.2999999998, 4295626.5], [417197.2999999998, 4296906.5], [415905.7000000002, 4298540.5]]], 'type': 'polyline', 'spatialReference': {'wkid': 26912}}","{'objectid': 1056, 'xid': 1056}"
"{'paths': [[[467378.9000000004, 4296357], [466164, 4296330], [465914.0999999996, 4296447], [465512.5999999996, 4296564], [464551.2999999998, 4296064], [463056.4000000004, 4295966], [462205, 4295493], [461582.9000000004, 4295355], [461181.7999999998, 4295286.5], [460602.5999999996, 4295636.5], [459958.0999999996, 4295908.5], [459110.5, 4295967], [458371.9000000004, 4295720]]], 'type': 'polyline', 'spatialReference': {'wkid': 26912}}","{'objectid': 1057, 'xid': 1057}"
"{'paths': [[[467378.0999999996, 4296308], [466140.5999999996, 4296273], [465900.0999999996, 4296408], [465534.2999999998, 4296523], [464566.2000000002, 4296008], [463056.2000000002, 4295926.5], [462206.7000000002, 4295444.5], [461721.9000000004, 4295326], [461165.7000000002, 4295254], [460599.7000000002, 4295591], [459992.9000000004, 4295852]]], 'type': 'polyline', 'spatialReference': {'wkid': 26912}}","{'objectid': 1058, 'xid': 1058}"
"{'paths': [[[232807.7000000002, 4296596], [233055.7999999998, 4293512.5]]], 'type': 'polyline', 'spatialReference': {'wkid': 26912}}","{'objectid': 1059, 'xid': 1059}"
"{'paths': [[[419279.2000000002, 4293183], [419264.7000000002, 4293245.5]]], 'type': 'polyline', 'spatialReference': {'wkid': 26912}}","{'objectid': 1060, 'xid': 1060}"
"{'paths': [[[392807.5, 4302722], [393293.2000000002, 4300883.5], [394179.5, 4295297.5], [395368.0999999996, 4293673.5], [397884.5, 4293510.5], [402211, 4292636.5]]], 'type': 'polyline', 'spatialReference': {'wkid': 26912}}","{'objectid': 1061, 'xid': 1061}"
"{'paths': [[[404422.0999999996, 4292185.5], [404662.2000000002, 4292313.5]]], 'type': 'polyline', 'spatialReference': {'wkid': 26912}}","{'objectid': 1062, 'xid': 1062}"
"{'paths': [[[404422.0999999996, 4292185.5], [402211, 4292636.5]]], 'type': 'polyline', 'spatialReference': {'wkid': 26912}}","{'objectid': 1063, 'xid': 1063}"
"{'paths': [[[606153.7999999998, 4289740.5], [597620.7000000002, 4296079]]], 'type': 'polyline', 'spatialReference': {'wkid': 26912}}","{'objectid': 1064, 'xid': 1064}"
"{'paths': [[[606101.4000000004, 4289740], [597621.2000000002, 4296038]]], 'type': 'polyline', 'spatialReference': {'wkid': 26912}}","{'objectid': 1065, 'xid': 1065}"
"{'paths': [[[403588.7999999998, 4289615], [403626.7999999998, 4290071], [403802.9000000004, 4291192], [404519.4000000004, 4292341.5], [404761.0999999996, 4293038.5], [405701.7999999998, 4293893.5], [406441.9000000004, 4294046.5], [407667.9000000004, 4295249.5], [408514.2999999998, 4296017.5], [410460.9000000004, 4298310.5], [411150.0999999996, 4299052.5], [411931.7999999998, 4299852.5]]], 'type': 'polyline', 'spatialReference': {'wkid': 26912}}","{'objectid': 1066, 'xid': 1066}"
"{'paths': [[[410623.0999999996, 4289532.5], [411782.7000000002, 4291256.5], [412590.4000000004, 4292420.5], [413077.9000000004, 4293179.5]]], 'type': 'polyline', 'spatialReference': {'wkid': 26912}}","{'objectid': 1067, 'xid': 1067}"
"{'paths': [[[418605.4000000004, 4289447.5], [416843.7000000002, 4293249.5], [416783.5, 4294715], [416711.2000000002, 4295907.5], [416286.2000000002, 4296759.5], [413758.2000000002, 4299918.5]]], 'type': 'polyline', 'spatialReference': {'wkid': 26912}}","{'objectid': 1068, 'xid': 1068}"
"{'paths': [[[413979.5, 4291613.5], [416236.2000000002, 4291634.5], [416503.4000000004, 4291514.5], [416636.7000000002, 4291454.5], [417662.7000000002, 4290669.5], [418799.7000000002, 4289447.5]]], 'type': 'polyline', 'spatialReference': {'wkid': 26912}}","{'objectid': 1069, 'xid': 1069}"
"{'paths': [[[419279.2000000002, 4293183], [419087.5, 4292510.5], [418964.5999999996, 4291966.5], [419002.5999999996, 4291593], [419069.2999999998, 4290335], [419137.2000000002, 4289441.5]]], 'type': 'polyline', 'spatialReference': {'wkid': 26912}}","{'objectid': 1070, 'xid': 1070}"
"{'paths': [[[233055.09999999963, 4293510], [233097.40000000037, 4292912.5], [231609.90000000037, 4289127]]], 'type': 'polyline', 'spatialReference': {'wkid': 26912}}","{'objectid': 1071, 'xid': 1071}"
"{'paths': [[[606153.7999999998, 4289740.5], [608587.5999999996, 4287935.5]]], 'type': 'polyline', 'spatialReference': {'wkid': 26912}}","{'objectid': 1072, 'xid': 1072}"
"{'paths': [[[606101.4000000004, 4289740], [608588, 4287903.5]]], 'type': 'polyline', 'spatialReference': {'wkid': 26912}}","{'objectid': 1073, 'xid': 1073}"
"{'paths': [[[403588.7999999998, 4289613.5], [403574.9000000004, 4289506.5], [403426, 4289258], [402792, 4287999.5], [402146.2000000002, 4287423]]], 'type': 'polyline', 'spatialReference': {'wkid': 26912}}","{'objectid': 1074, 'xid': 1074}"
"{'paths': [[[419137.2000000002, 4289441.5], [419150.5999999996, 4289329.5], [419690.5999999996, 4288171.5], [423828.2000000002, 4281814]]], 'type': 'polyline', 'spatialReference': {'wkid': 26912}}","{'objectid': 1075, 'xid': 1075}"
"{'paths': [[[424778.9000000004, 4280370.5], [423828.2000000002, 4281814]]], 'type': 'polyline', 'spatialReference': {'wkid': 26912}}","{'objectid': 1076, 'xid': 1076}"
"{'paths': [[[423957.5999999996, 4278894], [424041.7000000002, 4278941], [424740.7000000002, 4279698], [424779.9000000004, 4280342]]], 'type': 'polyline', 'spatialReference': {'wkid': 26912}}","{'objectid': 1077, 'xid': 1077}"
"{'paths': [[[608588, 4287903.5], [610488, 4286490.5], [611007.9000000004, 4286127.5], [611627.2000000002, 4285489], [611866, 4285019], [612307.0999999996, 4284224], [612891.9000000004, 4282479], [613619.5999999996, 4281397], [614668.9000000004, 4279884.5], [615715.5999999996, 4277757.5], [616410.4000000004, 4276980], [617486.5, 4276025.5]]], 'type': 'polyline', 'spatialReference': {'wkid': 26912}}","{'objectid': 1078, 'xid': 1078}"
"{'paths': [[[402146.2000000002, 4287423], [401971.2000000002, 4287266.5], [400358.2999999998, 4283951.5], [398931.0999999996, 4281920.5], [397813, 4280752], [394519.2999999998, 4279067.5], [392487.0999999996, 4275883]]], 'type': 'polyline', 'spatialReference': {'wkid': 26912}}","{'objectid': 1079, 'xid': 1079}"
"{'paths': [[[403894.4000000004, 4275738], [403991.7999999998, 4276213], [403975.4000000004, 4277888], [404600.7999999998, 4281207.5], [409630.5, 4284570], [409634.9000000004, 4288055], [410623.0999999996, 4289532.5]]], 'type': 'polyline', 'spatialReference': {'wkid': 26912}}","{'objectid': 1080, 'xid': 1080}"
"{'paths': [[[418605.4000000004, 4289447.5], [419255.5999999996, 4288049.5], [419575.5, 4287023], [420096.5999999996, 4285873.5], [420554.2999999998, 4284814.5], [420686.2000000002, 4284599.5], [420775.2999999998, 4284418.5], [421019.2000000002, 4284053.5], [421177.4000000004, 4283751], [422657.2000000002, 4281309], [423131.7000000002, 4280134], [422297.0999999996, 4275538.5]]], 'type': 'polyline', 'spatialReference': {'wkid': 26912}}","{'objectid': 1081, 'xid': 1081}"
"{'paths': [[[427080.7999999998, 4275492.5], [427382.5, 4276380.5], [424792.5999999996, 4280350]]], 'type': 'polyline', 'spatialReference': {'wkid': 26912}}","{'objectid': 1082, 'xid': 1082}"
"{'paths': [[[619654.2999999998, 4274683.5], [617991.9000000004, 4275582.5], [617486.5, 4276025.5]]], 'type': 'polyline', 'spatialReference': {'wkid': 26912}}","{'objectid': 1083, 'xid': 1083}"
"{'paths': [[[621275.2999999998, 4274213], [621266.7999999998, 4274205], [621207.5, 4274259], [621236.0999999996, 4274299], [621303.4000000004, 4274245], [621275.2999999998, 4274213]]], 'type': 'polyline', 'spatialReference': {'wkid': 26912}}","{'objectid': 1084, 'xid': 1084}"
"{'paths': [[[621409.2000000002, 4273842], [621307.4000000004, 4274156], [621275.2999999998, 4274213]]], 'type': 'polyline', 'spatialReference': {'wkid': 26912}}","{'objectid': 1085, 'xid': 1085}"
"{'paths': [[[619654.2999999998, 4274683.5], [619847.7999999998, 4274585], [620527.5999999996, 4274311], [621196.5, 4273976.5], [621409.2000000002, 4273842]]], 'type': 'polyline', 'spatialReference': {'wkid': 26912}}","{'objectid': 1086, 'xid': 1086}"
"{'paths': [[[391091.0999999996, 4273714], [392487.0999999996, 4275883]]], 'type': 'polyline', 'spatialReference': {'wkid': 26912}}","{'objectid': 1087, 'xid': 1087}"
"{'paths': [[[391091.0999999996, 4273714], [390385.2999999998, 4272592], [390169.0999999996, 4272523]]], 'type': 'polyline', 'spatialReference': {'wkid': 26912}}","{'objectid': 1088, 'xid': 1088}"
"{'paths': [[[390169.0999999996, 4272523], [390714.2000000002, 4271998]]], 'type': 'polyline', 'spatialReference': {'wkid': 26912}}","{'objectid': 1089, 'xid': 1089}"
"{'paths': [[[426025.7000000002, 4271712], [425907.7999999998, 4271980.5], [425941.7999999998, 4272126.5], [427080.7999999998, 4275492.5]]], 'type': 'polyline', 'spatialReference': {'wkid': 26912}}","{'objectid': 1090, 'xid': 1090}"
"{'paths': [[[401953.4000000004, 4271666.5], [403481.5, 4274655.5], [403869.9000000004, 4275630], [403894.4000000004, 4275738]]], 'type': 'polyline', 'spatialReference': {'wkid': 26912}}","{'objectid': 1091, 'xid': 1091}"
"{'paths': [[[321679.5999999996, 4273152.5], [321641, 4271303.5]]], 'type': 'polyline', 'spatialReference': {'wkid': 26912}}","{'objectid': 1092, 'xid': 1092}"
"{'paths': [[[621409.2000000002, 4273842], [621624.5999999996, 4273705.5], [621707.4000000004, 4273327], [622230.9000000004, 4272689], [622913.5999999996, 4271424.5], [623092.2000000002, 4271222]]], 'type': 'polyline', 'spatialReference': {'wkid': 26912}}","{'objectid': 1093, 'xid': 1093}"
"{'paths': [[[423723.0999999996, 4270871], [422994, 4273421.5], [422164.0999999996, 4274770], [422297.7000000002, 4275538.5]]], 'type': 'polyline', 'spatialReference': {'wkid': 26912}}","{'objectid': 1094, 'xid': 1094}"
"{'paths': [[[626704.0999999996, 4270818.5], [626702.9000000004, 4270847.5], [626736.2000000002, 4270848], [626736, 4270819.5], [626704.0999999996, 4270818.5]]], 'type': 'polyline', 'spatialReference': {'wkid': 26912}}","{'objectid': 1095, 'xid': 1095}"
"{'paths': [[[623654.2999999998, 4270290.5], [623542.2000000002, 4270663], [622896.5999999996, 4271407], [622607.9000000004, 4271853.5], [622120.7000000002, 4272725.5], [621558.5, 4273375.5], [621409.2000000002, 4273842]]], 'type': 'polyline', 'spatialReference': {'wkid': 26912}}","{'objectid': 1096, 'xid': 1096}"
"{'paths': [[[321639.5, 4270908.5], [321616.2999999998, 4269745.5]]], 'type': 'polyline', 'spatialReference': {'wkid': 26912}}","{'objectid': 1097, 'xid': 1097}"
"{'paths': [[[380132.7999999998, 4268853], [380780.2999999998, 4268934], [381637.5, 4268993], [383867.5, 4270226], [384701.4000000004, 4270707], [386550.5, 4270834], [386909.2000000002, 4271005], [387742.7000000002, 4271758], [390169.0999999996, 4272523]]], 'type': 'polyline', 'spatialReference': {'wkid': 26912}}","{'objectid': 1098, 'xid': 1098}"
"{'paths': [[[380132.7999999998, 4268853], [376956.4000000004, 4268455], [373670.7000000002, 4269759.5], [369415.0999999996, 4271927], [369288.2000000002, 4271973]]], 'type': 'polyline', 'spatialReference': {'wkid': 26912}}","{'objectid': 1099, 'xid': 1099}"
"{'paths': [[[619794.5, 4265310], [620118.7000000002, 4265471.5], [621087, 4265751], [621758.9000000004, 4265743.5], [622374.4000000004, 4266471], [622979.7999999998, 4267846], [623143.4000000004, 4268277], [623399.9000000004, 4268634.5], [623723, 4269460.5], [623933.5999999996, 4270113], [623654.2999999998, 4270290.5]]], 'type': 'polyline', 'spatialReference': {'wkid': 26912}}","{'objectid': 1100, 'xid': 1100}"
"{'paths': [[[630700.7000000002, 4264869], [630440.2000000002, 4265177.5], [629046.2000000002, 4266971.5], [627802.7999999998, 4267870], [626796.5999999996, 4268295], [625404, 4269615], [624522.5999999996, 4270329], [623498.5, 4270781.5]]], 'type': 'polyline', 'spatialReference': {'wkid': 26912}}","{'objectid': 1101, 'xid': 1101}"
"{'paths': [[[630701.9000000004, 4264799.5], [629009.7000000002, 4266929.5], [628498.2999999998, 4267298], [627903.2000000002, 4267451], [627168.5999999996, 4267859], [625331.9000000004, 4269596], [624572.4000000004, 4270164.5], [624117.5999999996, 4270250], [623654.2999999998, 4270290.5]]], 'type': 'polyline', 'spatialReference': {'wkid': 26912}}","{'objectid': 1102, 'xid': 1102}"
"{'paths': [[[616766.2000000002, 4264689.5], [616872.7000000002, 4264826], [617279.5999999996, 4264975.5], [617882.7000000002, 4264772], [618899.4000000004, 4264752.5], [619231.9000000004, 4264851.5], [619498.0999999996, 4265162], [619794.5, 4265310]]], 'type': 'polyline', 'spatialReference': {'wkid': 26912}}","{'objectid': 1103, 'xid': 1103}"
"{'paths': [[[401953.4000000004, 4271666.5], [397400.7999999998, 4262721]]], 'type': 'polyline', 'spatialReference': {'wkid': 26912}}","{'objectid': 1104, 'xid': 1104}"
"{'paths': [[[643834.5999999996, 4270916], [643166.0999999996, 4270712.5], [643135.7000000002, 4270260], [643233, 4270097], [643250, 4269962.5], [643445.7000000002, 4269616], [643628.7999999998, 4267454], [644055.5999999996, 4266799], [644147.7999999998, 4264668], [644066.7000000002, 4264440], [644332.7999999998, 4264262], [644530.0999999996, 4263723], [644842.0999999996, 4263251], [645568.5, 4262611]]], 'type': 'polyline', 'spatialReference': {'wkid': 26912}}","{'objectid': 1105, 'xid': 1105}"
"{'paths': [[[369288.2000000002, 4271973], [365740.9000000004, 4273295.5], [363671.0999999996, 4272306], [361714.5, 4269555.5], [360381.5, 4262504]]], 'type': 'polyline', 'spatialReference': {'wkid': 26912}}","{'objectid': 1106, 'xid': 1106}"
"{'paths': [[[630700.7000000002, 4264869], [632725.7000000002, 4262390]]], 'type': 'polyline', 'spatialReference': {'wkid': 26912}}","{'objectid': 1107, 'xid': 1107}"
"{'paths': [[[630701.9000000004, 4264799.5], [632665.7999999998, 4262389]]], 'type': 'polyline', 'spatialReference': {'wkid': 26912}}","{'objectid': 1108, 'xid': 1108}"
"{'paths': [[[397177.5999999996, 4262285.5], [397090.9000000004, 4262116]]], 'type': 'polyline', 'spatialReference': {'wkid': 26912}}","{'objectid': 1109, 'xid': 1109}"
"{'paths': [[[397068.4000000004, 4262073.5], [396991, 4261951]]], 'type': 'polyline', 'spatialReference': {'wkid': 26912}}","{'objectid': 1110, 'xid': 1110}"
"{'paths': [[[425328.4000000004, 4261637], [425395.7999999998, 4262512], [425757.4000000004, 4266284], [424136.5, 4269402], [423723.0999999996, 4270871]]], 'type': 'polyline', 'spatialReference': {'wkid': 26912}}","{'objectid': 1111, 'xid': 1111}"
"{'paths': [[[633971, 4260784], [632665.7999999998, 4262389]]], 'type': 'polyline', 'spatialReference': {'wkid': 26912}}","{'objectid': 1112, 'xid': 1112}"
"{'paths': [[[634034.9000000004, 4260703], [633971, 4260784]]], 'type': 'polyline', 'spatialReference': {'wkid': 26912}}","{'objectid': 1113, 'xid': 1113}"
"{'paths': [[[359800.5, 4259149.5], [360381.5, 4262504]]], 'type': 'polyline', 'spatialReference': {'wkid': 26912}}","{'objectid': 1114, 'xid': 1114}"
"{'paths': [[[359843.0999999996, 4258648.5], [359800.5, 4259149.5]]], 'type': 'polyline', 'spatialReference': {'wkid': 26912}}","{'objectid': 1115, 'xid': 1115}"
"{'paths': [[[641743.5999999996, 4256763], [642040.9000000004, 4256976], [642326.7000000002, 4257574], [642291, 4258423], [642430.5999999996, 4258549], [642650.0999999996, 4259164], [643057.5, 4259390], [643359.5999999996, 4259442], [644253.0999999996, 4259812], [644353.7999999998, 4259800], [644459.0999999996, 4259871], [644574.7000000002, 4260101], [644991.5999999996, 4260353], [645411.5999999996, 4260726], [645808.5999999996, 4260821], [645729.7999999998, 4261495], [645746.9000000004, 4261910], [645661.5999999996, 4262245], [645584.5, 4262313], [645636.7999999998, 4262551], [645568.5, 4262611]]], 'type': 'polyline', 'spatialReference': {'wkid': 26912}}","{'objectid': 1116, 'xid': 1116}"
"{'paths': [[[359879.2000000002, 4258199.5], [360087.2999999998, 4255697.5]]], 'type': 'polyline', 'spatialReference': {'wkid': 26912}}","{'objectid': 1117, 'xid': 1117}"
"{'paths': [[[425328.4000000004, 4261637], [425313.7999999998, 4261422], [423573.7999999998, 4255185]]], 'type': 'polyline', 'spatialReference': {'wkid': 26912}}","{'objectid': 1118, 'xid': 1118}"
"{'paths': [[[360219.2000000002, 4254126.5], [360346.2999999998, 4252579]]], 'type': 'polyline', 'spatialReference': {'wkid': 26912}}","{'objectid': 1119, 'xid': 1119}"
"{'paths': [[[360565.4000000004, 4249879.5], [360577.5, 4249728.5]]], 'type': 'polyline', 'spatialReference': {'wkid': 26912}}","{'objectid': 1120, 'xid': 1120}"
"{'paths': [[[641875.7000000002, 4249307], [641343.0999999996, 4250405.5], [640370.5, 4252551.5], [640130, 4253773.5], [639865.5999999996, 4254077], [639379.4000000004, 4254334.5], [638502.5999999996, 4254573.5], [637957.2000000002, 4254906.5], [637589.5, 4255924.5], [634838.0999999996, 4259805.5], [632725.7000000002, 4262390]]], 'type': 'polyline', 'spatialReference': {'wkid': 26912}}","{'objectid': 1121, 'xid': 1121}"
"{'paths': [[[641877.9000000004, 4249180], [641360, 4250240], [639262.5999999996, 4251499.5], [637250.2000000002, 4256291.5], [634944.9000000004, 4259515.5], [634238.0999999996, 4260456], [634034.9000000004, 4260703]]], 'type': 'polyline', 'spatialReference': {'wkid': 26912}}","{'objectid': 1122, 'xid': 1122}"
"{'paths': [[[641877.0999999996, 4249301], [642183.5, 4248675]]], 'type': 'polyline', 'spatialReference': {'wkid': 26912}}","{'objectid': 1123, 'xid': 1123}"
"{'paths': [[[641877.5999999996, 4249162], [642125.5, 4248674]]], 'type': 'polyline', 'spatialReference': {'wkid': 26912}}","{'objectid': 1124, 'xid': 1124}"
"{'paths': [[[398024.7999999998, 4248065], [396739.5, 4255273], [395900, 4257656], [396866, 4258690], [396991, 4261951]]], 'type': 'polyline', 'spatialReference': {'wkid': 26912}}","{'objectid': 1125, 'xid': 1125}"
"{'paths': [[[423573.7999999998, 4255185], [419927.4000000004, 4247818]]], 'type': 'polyline', 'spatialReference': {'wkid': 26912}}","{'objectid': 1126, 'xid': 1126}"
"{'paths': [[[419460.7000000002, 4246868], [419927.4000000004, 4247818]]], 'type': 'polyline', 'spatialReference': {'wkid': 26912}}","{'objectid': 1127, 'xid': 1127}"
"{'paths': [[[652895.4000000004, 4244178], [650923.5, 4243176.5], [649744.4000000004, 4242359], [649175.5999999996, 4241945]]], 'type': 'polyline', 'spatialReference': {'wkid': 26912}}","{'objectid': 1128, 'xid': 1128}"
"{'paths': [[[652895.4000000004, 4244178], [656084.4000000004, 4245761], [663872.5999999996, 4241845]]], 'type': 'polyline', 'spatialReference': {'wkid': 26912}}","{'objectid': 1129, 'xid': 1129}"
"{'paths': [[[346899.9000000004, 4240067], [347277.4000000004, 4240016]]], 'type': 'polyline', 'spatialReference': {'wkid': 26912}}","{'objectid': 1130, 'xid': 1130}"
"{'paths': [[[348075, 4239910], [356101.9000000004, 4238837.5], [356229.0999999996, 4238784], [357809.7999999998, 4238596]]], 'type': 'polyline', 'spatialReference': {'wkid': 26912}}","{'objectid': 1131, 'xid': 1131}"
"{'paths': [[[357805.9000000004, 4238605], [359724.2999999998, 4238370], [360491.7000000002, 4238398.5], [360407.0999999996, 4238133]]], 'type': 'polyline', 'spatialReference': {'wkid': 26912}}","{'objectid': 1132, 'xid': 1132}"
"{'paths': [[[343512.5999999996, 4237485], [345098.7000000002, 4240323], [346899.9000000004, 4240067]]], 'type': 'polyline', 'spatialReference': {'wkid': 26912}}","{'objectid': 1133, 'xid': 1133}"
"{'paths': [[[398024.7999999998, 4248065], [398200.2999999998, 4247077], [393253.5, 4242817], [392393.5999999996, 4238453.5], [390590.7999999998, 4236809]]], 'type': 'polyline', 'spatialReference': {'wkid': 26912}}","{'objectid': 1134, 'xid': 1134}"
"{'paths': [[[310614.5, 4235764.5], [311867.7000000002, 4239265.5], [314131, 4241982]]], 'type': 'polyline', 'spatialReference': {'wkid': 26912}}","{'objectid': 1135, 'xid': 1135}"
"{'paths': [[[341378.7000000002, 4235104], [342891.7000000002, 4236387.5]]], 'type': 'polyline', 'spatialReference': {'wkid': 26912}}","{'objectid': 1136, 'xid': 1136}"
"{'paths': [[[642125.5, 4248674], [643470.7000000002, 4245870], [647382.7000000002, 4239888], [648693.9000000004, 4236639], [648829, 4234922]]], 'type': 'polyline', 'spatialReference': {'wkid': 26912}}","{'objectid': 1137, 'xid': 1137}"
"{'paths': [[[642183.5, 4248675], [643523.4000000004, 4245869.5], [646283.7000000002, 4241794], [647235.2999999998, 4240362], [648719.2000000002, 4237226], [648905.0999999996, 4234922]]], 'type': 'polyline', 'spatialReference': {'wkid': 26912}}","{'objectid': 1138, 'xid': 1138}"
"{'paths': [[[360693.9000000004, 4248289], [361211.0999999996, 4241880], [360142.0999999996, 4237094], [359187.0999999996, 4234774]]], 'type': 'polyline', 'spatialReference': {'wkid': 26912}}","{'objectid': 1139, 'xid': 1139}"
"{'paths': [[[390590.7999999998, 4236807.5], [389827.2000000002, 4236121.5], [389058, 4234309.5]]], 'type': 'polyline', 'spatialReference': {'wkid': 26912}}","{'objectid': 1140, 'xid': 1140}"
"{'paths': [[[309989.7999999998, 4234053.5], [310614.5, 4235764.5]]], 'type': 'polyline', 'spatialReference': {'wkid': 26912}}","{'objectid': 1141, 'xid': 1141}"
"{'paths': [[[416518.7000000002, 4233984.5], [418648.7999999998, 4245218], [419460.7000000002, 4246868]]], 'type': 'polyline', 'spatialReference': {'wkid': 26912}}","{'objectid': 1142, 'xid': 1142}"
"{'paths': [[[341378.7000000002, 4235104], [337016.7000000002, 4231388.5]]], 'type': 'polyline', 'spatialReference': {'wkid': 26912}}","{'objectid': 1143, 'xid': 1143}"
"{'paths': [[[359187.0999999996, 4234774], [357678.2999999998, 4231074]]], 'type': 'polyline', 'spatialReference': {'wkid': 26912}}","{'objectid': 1144, 'xid': 1144}"
"{'paths': [[[357678.2999999998, 4231074], [357384.0999999996, 4230338.5], [357581.0999999996, 4227403.5], [357612.2000000002, 4227350]]], 'type': 'polyline', 'spatialReference': {'wkid': 26912}}","{'objectid': 1145, 'xid': 1145}"
"{'paths': [[[303496.7999999998, 4224807], [303486.4000000004, 4225898.5]]], 'type': 'polyline', 'spatialReference': {'wkid': 26912}}","{'objectid': 1146, 'xid': 1146}"
"{'paths': [[[389058.7000000002, 4234310.5], [388383.0999999996, 4232722.5], [388174.9000000004, 4232153.5], [387702.2000000002, 4231108.5], [387567.7000000002, 4230560.5], [387460.7999999998, 4230461.5], [386889.9000000004, 4229188.5], [386768.7000000002, 4229126.5], [385767.0999999996, 4228266.5], [385351, 4228044.5], [385153.2000000002, 4227906.5], [380189.9000000004, 4225278.5], [379458.9000000004, 4223683.5]]], 'type': 'polyline', 'spatialReference': {'wkid': 26912}}","{'objectid': 1147, 'xid': 1147}"
"{'paths': [[[648836.4000000004, 4234920.5], [649148.2000000002, 4231185.5], [648586.4000000004, 4227204.5], [648053.4000000004, 4223764.5], [647962.4000000004, 4223071.5], [647857, 4222468.5]]], 'type': 'polyline', 'spatialReference': {'wkid': 26912}}","{'objectid': 1148, 'xid': 1148}"
"{'paths': [[[648910.5, 4234921.5], [649211.2000000002, 4231101], [648120.2999999998, 4223767.5], [648026.9000000004, 4223055.5], [647900.7999999998, 4222377.5]]], 'type': 'polyline', 'spatialReference': {'wkid': 26912}}","{'objectid': 1149, 'xid': 1149}"
"{'paths': [[[357614.2000000002, 4227345], [358828.0999999996, 4225542], [359079, 4223624.5], [357948.2000000002, 4222208], [357584, 4222151.5], [357522.9000000004, 4222065]]], 'type': 'polyline', 'spatialReference': {'wkid': 26912}}","{'objectid': 1150, 'xid': 1150}"
"{'paths': [[[647900.7999999998, 4222377.5], [647637.7999999998, 4221022.5]]], 'type': 'polyline', 'spatialReference': {'wkid': 26912}}","{'objectid': 1151, 'xid': 1151}"
"{'paths': [[[647857, 4222468.5], [647578.9000000004, 4221021.5]]], 'type': 'polyline', 'spatialReference': {'wkid': 26912}}","{'objectid': 1152, 'xid': 1152}"
"{'paths': [[[357519.4000000004, 4222055.5], [356733.2000000002, 4220943]]], 'type': 'polyline', 'spatialReference': {'wkid': 26912}}","{'objectid': 1153, 'xid': 1153}"
"{'paths': [[[379458.9000000004, 4223683.5], [379195.2999999998, 4223131.5], [378972.2999999998, 4222616.5], [377121.0999999996, 4220611]]], 'type': 'polyline', 'spatialReference': {'wkid': 26912}}","{'objectid': 1154, 'xid': 1154}"
"{'paths': [[[415490.4000000004, 4220110], [414724.5999999996, 4226603], [414861.9000000004, 4227207.5], [416331.5, 4233050.5], [416521.9000000004, 4233972]]], 'type': 'polyline', 'spatialReference': {'wkid': 26912}}","{'objectid': 1155, 'xid': 1155}"
"{'paths': [[[288501.9000000004, 4220604.5], [288570.9000000004, 4220605.5], [288550.2000000002, 4220530.5], [288265.5, 4208556]]], 'type': 'polyline', 'spatialReference': {'wkid': 26912}}","{'objectid': 1156, 'xid': 1156}"
"{'paths': [[[346304.2000000002, 4208518.5], [351725, 4215531.5], [353481.4000000004, 4217417.5], [356040.9000000004, 4219960], [356733.2000000002, 4220943]]], 'type': 'polyline', 'spatialReference': {'wkid': 26912}}","{'objectid': 1157, 'xid': 1157}"
"{'paths': [[[346304.7000000002, 4208547.5], [345323.7999999998, 4207276]]], 'type': 'polyline', 'spatialReference': {'wkid': 26912}}","{'objectid': 1158, 'xid': 1158}"
"{'paths': [[[346303.7999999998, 4208502], [345356, 4207275.5]]], 'type': 'polyline', 'spatialReference': {'wkid': 26912}}","{'objectid': 1159, 'xid': 1159}"
"{'paths': [[[648185.4000000004, 4207158], [648119.2999999998, 4210097], [646275.2000000002, 4212067], [646242.9000000004, 4213832.5], [647637.7999999998, 4221022.5]]], 'type': 'polyline', 'spatialReference': {'wkid': 26912}}","{'objectid': 1160, 'xid': 1160}"
"{'paths': [[[647578.9000000004, 4221021.5], [646184.7999999998, 4213861], [646220.2000000002, 4212074], [648090.0999999996, 4210084], [648154.5999999996, 4207157.5]]], 'type': 'polyline', 'spatialReference': {'wkid': 26912}}","{'objectid': 1161, 'xid': 1161}"
"{'paths': [[[371953.9000000004, 4206816], [371704.5, 4207103], [371429.2000000002, 4207497.5], [371077.0999999996, 4207727.5], [370408.7000000002, 4208039.5], [369633.7000000002, 4208255.5]]], 'type': 'polyline', 'spatialReference': {'wkid': 26912}}","{'objectid': 1162, 'xid': 1162}"
"{'paths': [[[415362.5, 4206238.5], [416819.4000000004, 4208978.5], [415490.4000000004, 4220110]]], 'type': 'polyline', 'spatialReference': {'wkid': 26912}}","{'objectid': 1163, 'xid': 1163}"
"{'paths': [[[376433.2999999998, 4203901], [375733.9000000004, 4204363], [375111.0999999996, 4204659], [374777.0999999996, 4204907], [374434, 4205215], [373619, 4205646], [372545.5, 4206166], [371965, 4206798]]], 'type': 'polyline', 'spatialReference': {'wkid': 26912}}","{'objectid': 1164, 'xid': 1164}"
"{'paths': [[[415362.5, 4206238.5], [412069.2999999998, 4200024.5]]], 'type': 'polyline', 'spatialReference': {'wkid': 26912}}","{'objectid': 1165, 'xid': 1165}"
"{'paths': [[[461457.2999999998, 4204215.5], [461443, 4202156.5], [461947.2000000002, 4199918.5], [461975.4000000004, 4199778], [461966.4000000004, 4199571], [461979.5, 4199500], [462445.0999999996, 4197533]]], 'type': 'polyline', 'spatialReference': {'wkid': 26912}}","{'objectid': 1166, 'xid': 1166}"
"{'paths': [[[335088.0999999996, 4196732.5], [338972.5999999996, 4199036.5], [345356, 4207275.5]]], 'type': 'polyline', 'spatialReference': {'wkid': 26912}}","{'objectid': 1167, 'xid': 1167}"
"{'paths': [[[335088.0999999996, 4196732.5], [332512.7000000002, 4195199], [331486.5999999996, 4193673.5]]], 'type': 'polyline', 'spatialReference': {'wkid': 26912}}","{'objectid': 1168, 'xid': 1168}"
"{'paths': [[[648191.4000000004, 4207158.5], [648458.0999999996, 4193287.3000000007]]], 'type': 'polyline', 'spatialReference': {'wkid': 26912}}","{'objectid': 1169, 'xid': 1169}"
"{'paths': [[[648160.5999999996, 4207159], [648429.2000000002, 4193286.3000000007]]], 'type': 'polyline', 'spatialReference': {'wkid': 26912}}","{'objectid': 1170, 'xid': 1170}"
"{'paths': [[[647643.5, 4203656], [647646.2000000002, 4202797.5], [647841.4000000004, 4193276.5]]], 'type': 'polyline', 'spatialReference': {'wkid': 26912}}","{'objectid': 1171, 'xid': 1171}"
"{'paths': [[[648460.4000000004, 4192716.5], [648265, 4192716.5], [648265.4000000004, 4192696.5]]], 'type': 'polyline', 'spatialReference': {'wkid': 26912}}","{'objectid': 1172, 'xid': 1172}"
"{'paths': [[[648056.0999999996, 4192684.3000000007], [648055.0999999996, 4192745.3000000007], [648440.2999999998, 4192750.5], [648430.5999999996, 4193286.3000000007]]], 'type': 'polyline', 'spatialReference': {'wkid': 26912}}","{'objectid': 1173, 'xid': 1173}"
"{'paths': [[[412069.7999999998, 4200008.5], [411819.5, 4199553.5], [410899.0999999996, 4192413.3000000007]]], 'type': 'polyline', 'spatialReference': {'wkid': 26912}}","{'objectid': 1174, 'xid': 1174}"
"{'paths': [[[462445.0999999996, 4197533], [462512.2000000002, 4197256.5], [462598, 4195774.5], [461959.2000000002, 4195566.5], [461010.2999999998, 4194328.5], [460738, 4192236.5], [460727.4000000004, 4192124.3000000007], [460785.4000000004, 4192038.5]]], 'type': 'polyline', 'spatialReference': {'wkid': 26912}}","{'objectid': 1175, 'xid': 1175}"
"{'paths': [[[642859.2000000002, 4192864.5], [642153.2999999998, 4192380.5], [641509.0999999996, 4192130.5], [641288.5999999996, 4192112.3000000007], [641037.7000000002, 4191984.5], [640795.4000000004, 4192019.8000000007], [640242.5999999996, 4191882.3000000007], [639966.7000000002, 4191759.5], [639768.7999999998, 4191752.3000000007], [639250.4000000004, 4191602.5], [638497.2000000002, 4191440.3000000007], [638094.0999999996, 4190697.5], [637450.5, 4190316.3000000007], [637165.2000000002, 4189913.5], [636535.7999999998, 4189562.3000000007], [636046.7000000002, 4189492.3000000007], [635778.0999999996, 4189415.5], [635522.9000000004, 4189294.5]]], 'type': 'polyline', 'spatialReference': {'wkid': 26912}}","{'objectid': 1176, 'xid': 1176}"
"{'paths': [[[331486.5999999996, 4193673.5], [325348.7999999998, 4184440], [323800.2999999998, 4183095.8000000007]]], 'type': 'polyline', 'spatialReference': {'wkid': 26912}}","{'objectid': 1177, 'xid': 1177}"
"{'paths': [[[323800.2999999998, 4183095.8000000007], [321582.4000000004, 4181134.5]]], 'type': 'polyline', 'spatialReference': {'wkid': 26912}}","{'objectid': 1178, 'xid': 1178}"
"{'paths': [[[444888.5999999996, 4180535], [443306.7999999998, 4180733.3000000007], [441792.5999999996, 4180591]]], 'type': 'polyline', 'spatialReference': {'wkid': 26912}}","{'objectid': 1179, 'xid': 1179}"
"{'paths': [[[444890.7000000002, 4180552.5], [445388.9000000004, 4180487.3000000007], [446085.7000000002, 4180483.3000000007]]], 'type': 'polyline', 'spatialReference': {'wkid': 26912}}","{'objectid': 1180, 'xid': 1180}"
"{'paths': [[[446225.5, 4180482.3000000007], [446085.7000000002, 4180483.3000000007]]], 'type': 'polyline', 'spatialReference': {'wkid': 26912}}","{'objectid': 1181, 'xid': 1181}"
"{'paths': [[[446243.7000000002, 4180500.3000000007], [446272, 4180500.3000000007], [446271.0999999996, 4180471.3000000007], [446243.5999999996, 4180471.3000000007], [446243.7000000002, 4180500.3000000007]]], 'type': 'polyline', 'spatialReference': {'wkid': 26912}}","{'objectid': 1182, 'xid': 1182}"
"{'paths': [[[446539.9000000004, 4179851.3000000007], [446622.9000000004, 4179801.3000000007]]], 'type': 'polyline', 'spatialReference': {'wkid': 26912}}","{'objectid': 1183, 'xid': 1183}"
"{'paths': [[[446622.9000000004, 4179801.3000000007], [450715.5, 4179800.3000000007]]], 'type': 'polyline', 'spatialReference': {'wkid': 26912}}","{'objectid': 1184, 'xid': 1184}"
"{'paths': [[[648087.0999999996, 4192684.5], [648087.0999999996, 4192720.5], [648472.4000000004, 4192716.3000000007], [648622.2999999998, 4185394], [648684.2999999998, 4183187.8000000007], [647911.4000000004, 4179405.5]]], 'type': 'polyline', 'spatialReference': {'wkid': 26912}}","{'objectid': 1185, 'xid': 1185}"
"{'paths': [[[644854.4000000004, 4179350.8000000007], [648022.9000000004, 4183974.8000000007], [647859.5999999996, 4192527.5]]], 'type': 'polyline', 'spatialReference': {'wkid': 26912}}","{'objectid': 1186, 'xid': 1186}"
"{'paths': [[[647908.5, 4192534.3000000007], [647878.2000000002, 4192536.3000000007], [647878.4000000004, 4192487.5], [647997.0999999996, 4186907.8000000007], [648040.0999999996, 4183955.5], [644879.2000000002, 4179350.8000000007]]], 'type': 'polyline', 'spatialReference': {'wkid': 26912}}","{'objectid': 1187, 'xid': 1187}"
"{'paths': [[[372416.7999999998, 4187419.5], [372326.2000000002, 4187420.5], [372208.2999999998, 4184933.8000000007], [372943.0999999996, 4179039.3000000007]]], 'type': 'polyline', 'spatialReference': {'wkid': 26912}}","{'objectid': 1188, 'xid': 1188}"
"{'paths': [[[647908.7000000002, 4179404], [647741.5, 4178608.5]]], 'type': 'polyline', 'spatialReference': {'wkid': 26912}}","{'objectid': 1189, 'xid': 1189}"
"{'paths': [[[410899.0999999996, 4192413.3000000007], [409745.0999999996, 4183446.3000000007], [406355.5, 4179640.3000000007], [405448.2000000002, 4178602]]], 'type': 'polyline', 'spatialReference': {'wkid': 26912}}","{'objectid': 1190, 'xid': 1190}"
"{'paths': [[[450715.5, 4179800.3000000007], [452421, 4179798.3000000007], [455889.2999999998, 4178429.3000000007]]], 'type': 'polyline', 'spatialReference': {'wkid': 26912}}","{'objectid': 1191, 'xid': 1191}"
"{'paths': [[[647731.5999999996, 4178559.5], [647661.5999999996, 4178223]]], 'type': 'polyline', 'spatialReference': {'wkid': 26912}}","{'objectid': 1192, 'xid': 1192}"
"{'paths': [[[455889.9000000004, 4178421.5], [456473.5, 4178191.3000000007]]], 'type': 'polyline', 'spatialReference': {'wkid': 26912}}","{'objectid': 1193, 'xid': 1193}"
"{'paths': [[[457277.2999999998, 4178187.5], [458575.5999999996, 4178272.8000000007], [459911.2000000002, 4178830.3000000007], [461675.4000000004, 4178686.5], [462732.2000000002, 4180697.5], [464268.2000000002, 4182241], [464783.4000000004, 4184419], [464327.5, 4185386.3000000007], [463866, 4186573.8000000007], [461372.5999999996, 4190772], [461081.2000000002, 4191586], [460785.4000000004, 4192038.5]]], 'type': 'polyline', 'spatialReference': {'wkid': 26912}}","{'objectid': 1194, 'xid': 1194}"
"{'paths': [[[456473.5, 4178191.3000000007], [456603.5999999996, 4178135.5], [457277.2999999998, 4178187.5]]], 'type': 'polyline', 'spatialReference': {'wkid': 26912}}","{'objectid': 1195, 'xid': 1195}"
"{'paths': [[[647617.2000000002, 4178000.3000000007], [647578.9000000004, 4177813.8000000007]]], 'type': 'polyline', 'spatialReference': {'wkid': 26912}}","{'objectid': 1196, 'xid': 1196}"
"{'paths': [[[647563.9000000004, 4177744.5], [647440.0999999996, 4177108.5]]], 'type': 'polyline', 'spatialReference': {'wkid': 26912}}","{'objectid': 1197, 'xid': 1197}"
"{'paths': [[[643141.7000000002, 4176876], [644847, 4179349.8000000007]]], 'type': 'polyline', 'spatialReference': {'wkid': 26912}}","{'objectid': 1198, 'xid': 1198}"
"{'paths': [[[644879.2000000002, 4179350.8000000007], [643142.4000000004, 4176840]]], 'type': 'polyline', 'spatialReference': {'wkid': 26912}}","{'objectid': 1199, 'xid': 1199}"
"{'paths': [[[378782.5, 4177927.3000000007], [378203.5999999996, 4177974.5], [375887.5999999996, 4177060.5], [374344.9000000004, 4176483.8000000007]]], 'type': 'polyline', 'spatialReference': {'wkid': 26912}}","{'objectid': 1200, 'xid': 1200}"
"{'paths': [[[372943.0999999996, 4179039.3000000007], [372968, 4178823.5], [374338, 4177222.5], [374344.9000000004, 4176483.8000000007]]], 'type': 'polyline', 'spatialReference': {'wkid': 26912}}","{'objectid': 1201, 'xid': 1201}"
"{'paths': [[[642832.4000000004, 4176367.8000000007], [643141.2000000002, 4176868.5]]], 'type': 'polyline', 'spatialReference': {'wkid': 26912}}","{'objectid': 1202, 'xid': 1202}"
"{'paths': [[[643141.0999999996, 4176835.5], [642836.5999999996, 4176361.5]]], 'type': 'polyline', 'spatialReference': {'wkid': 26912}}","{'objectid': 1203, 'xid': 1203}"
"{'paths': [[[298969.4000000004, 4175515.8000000007], [299040.2000000002, 4175547]]], 'type': 'polyline', 'spatialReference': {'wkid': 26912}}","{'objectid': 1204, 'xid': 1204}"
"{'paths': [[[298885.0999999996, 4175479.8000000007], [298969.4000000004, 4175515.8000000007]]], 'type': 'polyline', 'spatialReference': {'wkid': 26912}}","{'objectid': 1205, 'xid': 1205}"
"{'paths': [[[298969.4000000004, 4175515.8000000007], [299030.0999999996, 4175382.5]]], 'type': 'polyline', 'spatialReference': {'wkid': 26912}}","{'objectid': 1206, 'xid': 1206}"
"{'paths': [[[279634.7000000002, 4179525], [279295.7000000002, 4178373.8000000007], [279307.5999999996, 4178313.8000000007], [278836.2000000002, 4176822], [278785.7999999998, 4176799.8000000007], [277810.5, 4175250], [277791.4000000004, 4175192]]], 'type': 'polyline', 'spatialReference': {'wkid': 26912}}","{'objectid': 1207, 'xid': 1207}"
"{'paths': [[[277791.4000000004, 4175192], [277689.7000000002, 4174914.8000000007]]], 'type': 'polyline', 'spatialReference': {'wkid': 26912}}","{'objectid': 1208, 'xid': 1208}"
"{'paths': [[[378782.5, 4177927.3000000007], [379223.5999999996, 4177879.5], [379950.7000000002, 4177848], [381194.7999999998, 4177822], [383335.4000000004, 4177184], [385013.5999999996, 4176589.8000000007], [386662.2999999998, 4176188.8000000007], [389427.7999999998, 4174348.8000000007], [389749.2000000002, 4174237]]], 'type': 'polyline', 'spatialReference': {'wkid': 26912}}","{'objectid': 1209, 'xid': 1209}"
"{'paths': [[[647419.7000000002, 4177012.8000000007], [646580.7000000002, 4172817.3000000007]]], 'type': 'polyline', 'spatialReference': {'wkid': 26912}}","{'objectid': 1210, 'xid': 1210}"
"{'paths': [[[276449.7000000002, 4172360.5], [276521.2000000002, 4172361.5], [276524.7000000002, 4172316.5], [276449.2000000002, 4172314.8000000007], [276449.7000000002, 4172360.5]]], 'type': 'polyline', 'spatialReference': {'wkid': 26912}}","{'objectid': 1211, 'xid': 1211}"
"{'paths': [[[275607.2000000002, 4172311.8000000007], [275609.5999999996, 4172348.5], [275579.2999999998, 4172348.5], [275579.5999999996, 4172310.8000000007], [275607.2000000002, 4172311.8000000007]]], 'type': 'polyline', 'spatialReference': {'wkid': 26912}}","{'objectid': 1212, 'xid': 1212}"
"{'paths': [[[276449.5999999996, 4172353.8000000007], [276042.5999999996, 4172298], [275607.2000000002, 4172311.8000000007]]], 'type': 'polyline', 'spatialReference': {'wkid': 26912}}","{'objectid': 1213, 'xid': 1213}"
"{'paths': [[[646576.5, 4172791.8000000007], [646455.5, 4172176.8000000007]]], 'type': 'polyline', 'spatialReference': {'wkid': 26912}}","{'objectid': 1214, 'xid': 1214}"
"{'paths': [[[277689.7000000002, 4174914.8000000007], [276945.7999999998, 4172723], [276824.2000000002, 4172162.8000000007]]], 'type': 'polyline', 'spatialReference': {'wkid': 26912}}","{'objectid': 1215, 'xid': 1215}"
"{'paths': [[[276523.5, 4172322.5], [276824.2000000002, 4172162.8000000007]]], 'type': 'polyline', 'spatialReference': {'wkid': 26912}}","{'objectid': 1216, 'xid': 1216}"
"{'paths': [[[276824.2000000002, 4172162.8000000007], [275581.2000000002, 4171226.8000000007], [274208.5, 4170489.8000000007]]], 'type': 'polyline', 'spatialReference': {'wkid': 26912}}","{'objectid': 1217, 'xid': 1217}"
"{'paths': [[[276824.2000000002, 4172162.8000000007], [278199.2000000002, 4171447.5], [279387.5, 4170245.3000000007]]], 'type': 'polyline', 'spatialReference': {'wkid': 26912}}","{'objectid': 1218, 'xid': 1218}"
"{'paths': [[[646435.2000000002, 4172072.8000000007], [646042.5999999996, 4170067]]], 'type': 'polyline', 'spatialReference': {'wkid': 26912}}","{'objectid': 1219, 'xid': 1219}"
"{'paths': [[[646033.9000000004, 4170025.8000000007], [646000.2999999998, 4169868.8000000007]]], 'type': 'polyline', 'spatialReference': {'wkid': 26912}}","{'objectid': 1220, 'xid': 1220}"
"{'paths': [[[389749.2000000002, 4174237], [391544.2000000002, 4173601.8000000007], [396927.2999999998, 4170556.5], [399552.7000000002, 4170253.3000000007], [400048.2000000002, 4169995], [400716.5, 4169778]]], 'type': 'polyline', 'spatialReference': {'wkid': 26912}}","{'objectid': 1221, 'xid': 1221}"
"{'paths': [[[301439.4000000004, 4169406.8000000007], [301852.5, 4169585.8000000007]]], 'type': 'polyline', 'spatialReference': {'wkid': 26912}}","{'objectid': 1222, 'xid': 1222}"
"{'paths': [[[374344.9000000004, 4176483.8000000007], [374373.7000000002, 4175371.5], [374384.7000000002, 4172423], [374306.7999999998, 4172172], [373971.5, 4170347.8000000007], [373766.9000000004, 4169375]]], 'type': 'polyline', 'spatialReference': {'wkid': 26912}}","{'objectid': 1223, 'xid': 1223}"
"{'paths': [[[293040.5, 4168694.5], [292968.2999999998, 4168665.3000000007], [292833.5, 4168660.5]]], 'type': 'polyline', 'spatialReference': {'wkid': 26912}}","{'objectid': 1224, 'xid': 1224}"
"{'paths': [[[642825.9000000004, 4176352.3000000007], [639568.7000000002, 4171600.3000000007], [636059.7999999998, 4167633.3000000007]]], 'type': 'polyline', 'spatialReference': {'wkid': 26912}}","{'objectid': 1225, 'xid': 1225}"
"{'paths': [[[274208.5, 4170489.8000000007], [268619.9000000004, 4167438.8000000007]]], 'type': 'polyline', 'spatialReference': {'wkid': 26912}}","{'objectid': 1226, 'xid': 1226}"
"{'paths': [[[271594.4000000004, 4167357], [272321.5, 4168675.8000000007], [273903.2000000002, 4170240.8000000007], [274208.5, 4170489.8000000007]]], 'type': 'polyline', 'spatialReference': {'wkid': 26912}}","{'objectid': 1227, 'xid': 1227}"
"{'paths': [[[268264.2999999998, 4167232.5], [268619.2999999998, 4167440.8000000007]]], 'type': 'polyline', 'spatialReference': {'wkid': 26912}}","{'objectid': 1228, 'xid': 1228}"
"{'paths': [[[301439.4000000004, 4169406.8000000007], [299814.7999999998, 4168711], [299105.7000000002, 4168384], [298944.9000000004, 4168364], [294928.7000000002, 4166955.5], [294795.7000000002, 4166945.8000000007], [294356.5999999996, 4166760.5]]], 'type': 'polyline', 'spatialReference': {'wkid': 26912}}","{'objectid': 1229, 'xid': 1229}"
"{'paths': [[[316609, 4169235.3000000007], [317112, 4168712], [317465.5, 4168435], [317598.5999999996, 4168272.8000000007], [317672.4000000004, 4168107.8000000007], [317857.7999999998, 4168021.5], [318084.7000000002, 4167863.5], [318229.4000000004, 4167738], [318436.7999999998, 4167673.3000000007], [318622.5999999996, 4167577], [318989.4000000004, 4167347.8000000007], [319091.4000000004, 4167267.3000000007], [319197, 4167263.5], [319312, 4167222.5], [319384.7999999998, 4167100.3000000007], [319486.7999999998, 4167024], [319603.2999999998, 4166774.5], [319522.5, 4166652.5], [319534.0999999996, 4166566.5]]], 'type': 'polyline', 'spatialReference': {'wkid': 26912}}","{'objectid': 1230, 'xid': 1230}"
"{'paths': [[[268265.7000000002, 4167231.8000000007], [268128.9000000004, 4167161.8000000007], [267570.9000000004, 4166033.5], [265212, 4166096]]], 'type': 'polyline', 'spatialReference': {'wkid': 26912}}","{'objectid': 1231, 'xid': 1231}"
"{'paths': [[[265123.9000000004, 4166102.5], [265212.2000000002, 4166102.8000000007], [265210.9000000004, 4166031.5], [265125.2999999998, 4166031.8000000007], [265123.9000000004, 4166102.5]]], 'type': 'polyline', 'spatialReference': {'wkid': 26912}}","{'objectid': 1232, 'xid': 1232}"
"{'paths': [[[405448.2000000002, 4178602], [403850.2000000002, 4176803.3000000007], [403617.7000000002, 4175716], [404353.5999999996, 4173822.8000000007], [405054.2000000002, 4172918.3000000007], [405592.5999999996, 4172531], [406153.5999999996, 4172056], [406753.4000000004, 4171730], [407346.5, 4171103], [408703, 4170077], [410115, 4167243.8000000007], [411300.5, 4166380.8000000007], [411701.4000000004, 4165966]]], 'type': 'polyline', 'spatialReference': {'wkid': 26912}}","{'objectid': 1233, 'xid': 1233}"
"{'paths': [[[646762.2000000002, 4165510], [646357.0999999996, 4166976.5], [646298.7000000002, 4168179.8000000007]]], 'type': 'polyline', 'spatialReference': {'wkid': 26912}}","{'objectid': 1234, 'xid': 1234}"
"{'paths': [[[270448.7000000002, 4165339.8000000007], [271594.4000000004, 4167357]]], 'type': 'polyline', 'spatialReference': {'wkid': 26912}}","{'objectid': 1235, 'xid': 1235}"
"{'paths': [[[636059.7999999998, 4167633.3000000007], [636058.5999999996, 4166068.5], [636098.4000000004, 4165328.3000000007]]], 'type': 'polyline', 'spatialReference': {'wkid': 26912}}","{'objectid': 1236, 'xid': 1236}"
"{'paths': [[[284760.0999999996, 4167004], [285646.2999999998, 4165393.8000000007], [288733.9000000004, 4165320], [289002.5, 4165389.8000000007], [289146.5999999996, 4165410], [290299.7000000002, 4165357]]], 'type': 'polyline', 'spatialReference': {'wkid': 26912}}","{'objectid': 1237, 'xid': 1237}"
"{'paths': [[[636059.7999999998, 4167633.3000000007], [635583.9000000004, 4167096.3000000007], [635211.0999999996, 4166093.5], [635211.4000000004, 4165328.5], [634765.7000000002, 4165319.5]]], 'type': 'polyline', 'spatialReference': {'wkid': 26912}}","{'objectid': 1238, 'xid': 1238}"
"{'paths': [[[290299.7000000002, 4165357], [291062.5, 4165300], [294348.5, 4166760.8000000007]]], 'type': 'polyline', 'spatialReference': {'wkid': 26912}}","{'objectid': 1239, 'xid': 1239}"
"{'paths': [[[425447.7999999998, 4166945.3000000007], [425163.4000000004, 4166605], [422722.2999999998, 4164995.8000000007]]], 'type': 'polyline', 'spatialReference': {'wkid': 26912}}","{'objectid': 1240, 'xid': 1240}"
"{'paths': [[[270448.7000000002, 4165339.8000000007], [270295.4000000004, 4165035.3000000007], [270234.7000000002, 4164964]]], 'type': 'polyline', 'spatialReference': {'wkid': 26912}}","{'objectid': 1241, 'xid': 1241}"
"{'paths': [[[400716.5, 4169778], [401540.5, 4169233.8000000007], [401913.5999999996, 4168857.8000000007], [403165.5, 4168575], [403569.5999999996, 4168313.8000000007], [404968.2000000002, 4167189.8000000007], [405808.4000000004, 4166614.8000000007], [406395.2000000002, 4166233.8000000007], [409982.0999999996, 4164678.8000000007]]], 'type': 'polyline', 'spatialReference': {'wkid': 26912}}","{'objectid': 1242, 'xid': 1242}"
"{'paths': [[[411704.2000000002, 4165983], [412935.9000000004, 4164664.8000000007]]], 'type': 'polyline', 'spatialReference': {'wkid': 26912}}","{'objectid': 1243, 'xid': 1243}"
"{'paths': [[[422058.5, 4164573.5], [422725.9000000004, 4165013.8000000007]]], 'type': 'polyline', 'spatialReference': {'wkid': 26912}}","{'objectid': 1244, 'xid': 1244}"
"{'paths': [[[269836.7999999998, 4164060], [269905.7999999998, 4164408.8000000007], [270234.7000000002, 4164964]]], 'type': 'polyline', 'spatialReference': {'wkid': 26912}}","{'objectid': 1245, 'xid': 1245}"
"{'paths': [[[411683.4000000004, 4163962.3000000007], [410003.7999999998, 4164696.8000000007]]], 'type': 'polyline', 'spatialReference': {'wkid': 26912}}","{'objectid': 1246, 'xid': 1246}"
"{'paths': [[[268152.7999999998, 4163223.3000000007], [267871.7000000002, 4164043.3000000007], [265190, 4166031.8000000007]]], 'type': 'polyline', 'spatialReference': {'wkid': 26912}}","{'objectid': 1247, 'xid': 1247}"
"{'paths': [[[419548.2999999998, 4162277.5], [420142.2999999998, 4162409.5], [420184.2999999998, 4162433.5], [421061.2000000002, 4163362.8000000007], [421090.2000000002, 4163933.5], [422059.2000000002, 4164574]]], 'type': 'polyline', 'spatialReference': {'wkid': 26912}}","{'objectid': 1248, 'xid': 1248}"
"{'paths': [[[411683.4000000004, 4163962.3000000007], [411889.7999999998, 4163869.5], [415136.5, 4162123]]], 'type': 'polyline', 'spatialReference': {'wkid': 26912}}","{'objectid': 1249, 'xid': 1249}"
"{'paths': [[[269836.7999999998, 4164060], [269329.7000000002, 4162165], [270002.2999999998, 4158672.8000000007], [270053.2000000002, 4158389.8000000007], [270028.2000000002, 4158293.8000000007]]], 'type': 'polyline', 'spatialReference': {'wkid': 26912}}","{'objectid': 1250, 'xid': 1250}"
"{'paths': [[[270028.2000000002, 4158293.8000000007], [269713.4000000004, 4158519.8000000007], [268707.9000000004, 4161512.3000000007], [268149.5, 4163224]]], 'type': 'polyline', 'spatialReference': {'wkid': 26912}}","{'objectid': 1251, 'xid': 1251}"
"{'paths': [[[270028.2000000002, 4158293.8000000007], [269711.4000000004, 4156356], [268825.7000000002, 4153552.5]]], 'type': 'polyline', 'spatialReference': {'wkid': 26912}}","{'objectid': 1252, 'xid': 1252}"
"{'paths': [[[651645.0999999996, 4151724], [649586.2000000002, 4154003.5], [649319.2999999998, 4154442.5], [648079.4000000004, 4160774.8000000007], [646762.2000000002, 4165510]]], 'type': 'polyline', 'spatialReference': {'wkid': 26912}}","{'objectid': 1253, 'xid': 1253}"
"{'paths': [[[412935.9000000004, 4164664.8000000007], [417482.4000000004, 4159813.3000000007], [417675.9000000004, 4159218], [417572.9000000004, 4157869.5], [419951.5999999996, 4154649], [421425.5999999996, 4152616.8000000007], [422203.9000000004, 4151343], [422394.9000000004, 4150702]]], 'type': 'polyline', 'spatialReference': {'wkid': 26912}}","{'objectid': 1254, 'xid': 1254}"
"{'paths': [[[417932.7000000002, 4160865.8000000007], [417737.2999999998, 4157804.5], [421480.2000000002, 4152616.3000000007], [422251.5999999996, 4151393], [422453.5999999996, 4150701.5]]], 'type': 'polyline', 'spatialReference': {'wkid': 26912}}","{'objectid': 1255, 'xid': 1255}"
"{'paths': [[[422453.5999999996, 4150701.5], [422588.9000000004, 4150246.5]]], 'type': 'polyline', 'spatialReference': {'wkid': 26912}}","{'objectid': 1256, 'xid': 1256}"
"{'paths': [[[267776.5999999996, 4150216.8000000007], [268825.7000000002, 4153552.5]]], 'type': 'polyline', 'spatialReference': {'wkid': 26912}}","{'objectid': 1257, 'xid': 1257}"
"{'paths': [[[422394.9000000004, 4150702], [422587.2999999998, 4150068.3000000007]]], 'type': 'polyline', 'spatialReference': {'wkid': 26912}}","{'objectid': 1258, 'xid': 1258}"
"{'paths': [[[651645.0999999996, 4151724], [652030.2999999998, 4151286.5], [652049.4000000004, 4150094.3000000007], [653167.7000000002, 4147553], [653287.7000000002, 4147416], [654719.7999999998, 4146923.8000000007]]], 'type': 'polyline', 'spatialReference': {'wkid': 26912}}","{'objectid': 1259, 'xid': 1259}"
"{'paths': [[[654719.7999999998, 4146923.8000000007], [654834.5999999996, 4146882.8000000007]]], 'type': 'polyline', 'spatialReference': {'wkid': 26912}}","{'objectid': 1260, 'xid': 1260}"
"{'paths': [[[654885.5999999996, 4146864.5], [655820.7000000002, 4146532.3000000007]]], 'type': 'polyline', 'spatialReference': {'wkid': 26912}}","{'objectid': 1261, 'xid': 1261}"
"{'paths': [[[655841.7999999998, 4146525], [656303.9000000004, 4146366], [656527, 4146203.5]]], 'type': 'polyline', 'spatialReference': {'wkid': 26912}}","{'objectid': 1262, 'xid': 1262}"
"{'paths': [[[656577, 4146166.3000000007], [657292.9000000004, 4145652.3000000007]]], 'type': 'polyline', 'spatialReference': {'wkid': 26912}}","{'objectid': 1263, 'xid': 1263}"
"{'paths': [[[657304.5, 4145645.8000000007], [657735, 4145339.3000000007]]], 'type': 'polyline', 'spatialReference': {'wkid': 26912}}","{'objectid': 1264, 'xid': 1264}"
"{'paths': [[[265973.7000000002, 4145005.8000000007], [266348.7000000002, 4146040.8000000007], [266708.7000000002, 4148280.8000000007], [267541.4000000004, 4149483.5], [267776.5999999996, 4150216.8000000007]]], 'type': 'polyline', 'spatialReference': {'wkid': 26912}}","{'objectid': 1265, 'xid': 1265}"
"{'paths': [[[657756.9000000004, 4145323], [658408, 4144850.3000000007], [659770.4000000004, 4143769.8000000007]]], 'type': 'polyline', 'spatialReference': {'wkid': 26912}}","{'objectid': 1266, 'xid': 1266}"
"{'paths': [[[659781.4000000004, 4143761], [660303.4000000004, 4143341.8000000007]]], 'type': 'polyline', 'spatialReference': {'wkid': 26912}}","{'objectid': 1267, 'xid': 1267}"
"{'paths': [[[660324.0999999996, 4143324.8000000007], [660994.0999999996, 4142798.8000000007]]], 'type': 'polyline', 'spatialReference': {'wkid': 26912}}","{'objectid': 1268, 'xid': 1268}"
"{'paths': [[[661056.5999999996, 4142745.3000000007], [661129.9000000004, 4142690]]], 'type': 'polyline', 'spatialReference': {'wkid': 26912}}","{'objectid': 1269, 'xid': 1269}"
"{'paths': [[[265973.7000000002, 4145005.8000000007], [266150.7000000002, 4143488.8000000007], [267523.2000000002, 4141367.8000000007]]], 'type': 'polyline', 'spatialReference': {'wkid': 26912}}","{'objectid': 1270, 'xid': 1270}"
"{'paths': [[[422588.9000000004, 4150246.5], [423254.7000000002, 4147991.5], [424786.5999999996, 4144599.3000000007], [425326.9000000004, 4142445], [425539.7000000002, 4141173.8000000007], [425356.2999999998, 4140533.3000000007]]], 'type': 'polyline', 'spatialReference': {'wkid': 26912}}","{'objectid': 1271, 'xid': 1271}"
"{'paths': [[[425356.2999999998, 4140533.3000000007], [424767.7000000002, 4144589.3000000007], [423212.0999999996, 4147975.5], [422587.2999999998, 4150068.3000000007]]], 'type': 'polyline', 'spatialReference': {'wkid': 26912}}","{'objectid': 1272, 'xid': 1272}"
"{'paths': [[[661222.5, 4142615.5], [662780.9000000004, 4141364.5], [664103.4000000004, 4140172.3000000007]]], 'type': 'polyline', 'spatialReference': {'wkid': 26912}}","{'objectid': 1273, 'xid': 1273}"
"{'paths': [[[258043.2000000002, 4139978.5], [259648, 4141881.5], [262064.90000000037, 4142234.5], [264593.4000000004, 4143775.8000000007], [265827.2000000002, 4144507.5], [265973.7000000002, 4145005.8000000007]]], 'type': 'polyline', 'spatialReference': {'wkid': 26912}}","{'objectid': 1274, 'xid': 1274}"
"{'paths': [[[267523.2000000002, 4141367.8000000007], [267796.2000000002, 4140949.5], [268299.5999999996, 4140866.5], [268271.5999999996, 4139685.8000000007]]], 'type': 'polyline', 'spatialReference': {'wkid': 26912}}","{'objectid': 1275, 'xid': 1275}"
"{'paths': [[[664168.0999999996, 4140111.8000000007], [665212.2999999998, 4139177.5], [665946.7999999998, 4138601.3000000007]]], 'type': 'polyline', 'spatialReference': {'wkid': 26912}}","{'objectid': 1276, 'xid': 1276}"
"{'paths': [[[665946.7999999998, 4138601.3000000007], [666540.0999999996, 4138133]]], 'type': 'polyline', 'spatialReference': {'wkid': 26912}}","{'objectid': 1277, 'xid': 1277}"
"{'paths': [[[425356.2999999998, 4140533.3000000007], [424305, 4136814.3000000007]]], 'type': 'polyline', 'spatialReference': {'wkid': 26912}}","{'objectid': 1278, 'xid': 1278}"
"{'paths': [[[424347.5999999996, 4136814], [424774.7000000002, 4137953], [425216.9000000004, 4139897.5], [425371, 4140440.5], [425356.2999999998, 4140533.3000000007]]], 'type': 'polyline', 'spatialReference': {'wkid': 26912}}","{'objectid': 1279, 'xid': 1279}"
"{'paths': [[[424347.5999999996, 4136814], [424022.0999999996, 4135791.8000000007], [423810.9000000004, 4135599], [423546.9000000004, 4134726.3000000007], [423087.4000000004, 4133558.5], [422628.0999999996, 4133070.8000000007]]], 'type': 'polyline', 'spatialReference': {'wkid': 26912}}","{'objectid': 1280, 'xid': 1280}"
"{'paths': [[[424305, 4136814.3000000007], [424185.7000000002, 4136388.8000000007], [424011.7000000002, 4136283.3000000007], [423540.9000000004, 4134813.5], [423044.9000000004, 4133638.5], [422628.0999999996, 4133070.8000000007]]], 'type': 'polyline', 'spatialReference': {'wkid': 26912}}","{'objectid': 1281, 'xid': 1281}"
"{'paths': [[[422628.0999999996, 4133070.8000000007], [422426.7999999998, 4132791.3000000007]]], 'type': 'polyline', 'spatialReference': {'wkid': 26912}}","{'objectid': 1282, 'xid': 1282}"
"{'paths': [[[422628.0999999996, 4133070.8000000007], [422502.4000000004, 4132929.3000000007], [422426.7999999998, 4132791.3000000007]]], 'type': 'polyline', 'spatialReference': {'wkid': 26912}}","{'objectid': 1283, 'xid': 1283}"
"{'paths': [[[666540.0999999996, 4138133], [668481.4000000004, 4136644.5], [669475.5999999996, 4135721.3000000007], [674769.2999999998, 4130732.8000000007], [675466, 4129831.8000000007]]], 'type': 'polyline', 'spatialReference': {'wkid': 26912}}","{'objectid': 1284, 'xid': 1284}"
"{'paths': [[[628682.9000000004, 4129646.3000000007], [628690.5999999996, 4129628.8000000007], [632878.7999999998, 4129439.3000000007]]], 'type': 'polyline', 'spatialReference': {'wkid': 26912}}","{'objectid': 1285, 'xid': 1285}"
"{'paths': [[[675684.2999999998, 4129553.5], [675790.7999999998, 4129412.3000000007]]], 'type': 'polyline', 'spatialReference': {'wkid': 26912}}","{'objectid': 1286, 'xid': 1286}"
"{'paths': [[[421156.2000000002, 4129211], [421180.0999999996, 4129229.8000000007], [421311.7000000002, 4129782.3000000007], [421600.5999999996, 4130017.3000000007], [421758, 4130512.8000000007], [421870.0999999996, 4131219.8000000007], [421768.2999999998, 4131473.5], [422154.7999999998, 4132394.8000000007], [422306.4000000004, 4132567.3000000007], [422426.7999999998, 4132791.3000000007]]], 'type': 'polyline', 'spatialReference': {'wkid': 26912}}","{'objectid': 1287, 'xid': 1287}"
"{'paths': [[[422426.7999999998, 4132791.3000000007], [422278.9000000004, 4132587], [422125.9000000004, 4132413], [421626.2000000002, 4131170], [421156.2000000002, 4129211]]], 'type': 'polyline', 'spatialReference': {'wkid': 26912}}","{'objectid': 1288, 'xid': 1288}"
"{'paths': [[[639637.9000000004, 4129119.8000000007], [632878.7999999998, 4129439.3000000007]]], 'type': 'polyline', 'spatialReference': {'wkid': 26912}}","{'objectid': 1289, 'xid': 1289}"
"{'paths': [[[675913.2000000002, 4129253.5], [676058.5999999996, 4129066]]], 'type': 'polyline', 'spatialReference': {'wkid': 26912}}","{'objectid': 1290, 'xid': 1290}"
"{'paths': [[[640742.2999999998, 4128926.8000000007], [640398, 4129088], [639637.9000000004, 4129119.8000000007]]], 'type': 'polyline', 'spatialReference': {'wkid': 26912}}","{'objectid': 1291, 'xid': 1291}"
"{'paths': [[[676286.0999999996, 4128768.3000000007], [676494.7999999998, 4128498]]], 'type': 'polyline', 'spatialReference': {'wkid': 26912}}","{'objectid': 1292, 'xid': 1292}"
"{'paths': [[[642858.2000000002, 4127942.3000000007], [640742.2999999998, 4128926.8000000007]]], 'type': 'polyline', 'spatialReference': {'wkid': 26912}}","{'objectid': 1293, 'xid': 1293}"
"{'paths': [[[420719.9000000004, 4127759.5], [421002, 4128562], [421156.2000000002, 4129211]]], 'type': 'polyline', 'spatialReference': {'wkid': 26912}}","{'objectid': 1294, 'xid': 1294}"
"{'paths': [[[676978.4000000004, 4127864.5], [677254.7000000002, 4127504.5]]], 'type': 'polyline', 'spatialReference': {'wkid': 26912}}","{'objectid': 1295, 'xid': 1295}"
"{'paths': [[[643995.7999999998, 4127409.3000000007], [642858.2000000002, 4127942.3000000007]]], 'type': 'polyline', 'spatialReference': {'wkid': 26912}}","{'objectid': 1296, 'xid': 1296}"
"{'paths': [[[644211.5999999996, 4127256.5], [644192.2000000002, 4127314.3000000007], [643995.7999999998, 4127409.3000000007]]], 'type': 'polyline', 'spatialReference': {'wkid': 26912}}","{'objectid': 1297, 'xid': 1297}"
"{'paths': [[[632130.2000000002, 4136666.3000000007], [628649.2000000002, 4129632.3000000007], [627811.5999999996, 4128059.5], [627604.9000000004, 4127814.3000000007], [625851.9000000004, 4126710.3000000007]]], 'type': 'polyline', 'spatialReference': {'wkid': 26912}}","{'objectid': 1298, 'xid': 1298}"
"{'paths': [[[268271.5999999996, 4139685.8000000007], [268203.4000000004, 4137864], [268159.5, 4135401.5], [268094.2999999998, 4133071.8000000007], [269000, 4130063.8000000007], [270255.2999999998, 4125749.3000000007]]], 'type': 'polyline', 'spatialReference': {'wkid': 26912}}","{'objectid': 1299, 'xid': 1299}"
"{'paths': [[[421156.2000000002, 4129211], [421012.4000000004, 4129087.5], [420861.2000000002, 4128547.5], [420091.2999999998, 4126382.3000000007], [419933.4000000004, 4125568.8000000007]]], 'type': 'polyline', 'spatialReference': {'wkid': 26912}}","{'objectid': 1300, 'xid': 1300}"
"{'paths': [[[625694.2999999998, 4126613.5], [623600.9000000004, 4125293.8000000007], [621859.5999999996, 4125128.8000000007]]], 'type': 'polyline', 'spatialReference': {'wkid': 26912}}","{'objectid': 1301, 'xid': 1301}"
"{'paths': [[[613145.4000000004, 4125545.5], [615783.2999999998, 4126640.3000000007], [618133.5, 4125249.8000000007], [620616.7000000002, 4125021.8000000007], [621859.5999999996, 4125128.8000000007]]], 'type': 'polyline', 'spatialReference': {'wkid': 26912}}","{'objectid': 1302, 'xid': 1302}"
"{'paths': [[[419783.2999999998, 4124660], [419865.2999999998, 4124816], [420190.7999999998, 4126253.3000000007], [420688.7000000002, 4127682.8000000007]]], 'type': 'polyline', 'spatialReference': {'wkid': 26912}}","{'objectid': 1303, 'xid': 1303}"
"{'paths': [[[419783.2999999998, 4124660], [419777.5999999996, 4124769.3000000007], [419863.7000000002, 4125213.3000000007]]], 'type': 'polyline', 'spatialReference': {'wkid': 26912}}","{'objectid': 1304, 'xid': 1304}"
"{'paths': [[[610789.9000000004, 4123876.3000000007], [612076.5, 4124579], [613145.4000000004, 4125545.5]]], 'type': 'polyline', 'spatialReference': {'wkid': 26912}}","{'objectid': 1305, 'xid': 1305}"
"{'paths': [[[644057.0999999996, 4123842.5], [643492.2000000002, 4125881.5], [643975.2999999998, 4126829.3000000007]]], 'type': 'polyline', 'spatialReference': {'wkid': 26912}}","{'objectid': 1306, 'xid': 1306}"
"{'paths': [[[610789.9000000004, 4123876.3000000007], [609780.0999999996, 4123324.5]]], 'type': 'polyline', 'spatialReference': {'wkid': 26912}}","{'objectid': 1307, 'xid': 1307}"
"{'paths': [[[419048.7000000002, 4122995.3000000007], [419179.5999999996, 4123228.5], [419479.2999999998, 4124073], [419783.2999999998, 4124660]]], 'type': 'polyline', 'spatialReference': {'wkid': 26912}}","{'objectid': 1308, 'xid': 1308}"
"{'paths': [[[419783.2999999998, 4124660], [419794.5999999996, 4124495.3000000007], [419604, 4123878.8000000007], [419127.9000000004, 4122994.3000000007]]], 'type': 'polyline', 'spatialReference': {'wkid': 26912}}","{'objectid': 1309, 'xid': 1309}"
"{'paths': [[[419127.9000000004, 4122994.3000000007], [419112.7000000002, 4122965.5]]], 'type': 'polyline', 'spatialReference': {'wkid': 26912}}","{'objectid': 1310, 'xid': 1310}"
"{'paths': [[[419048.7000000002, 4122995.3000000007], [418490.0999999996, 4121982.5], [418503.5999999996, 4121842.3000000007]]], 'type': 'polyline', 'spatialReference': {'wkid': 26912}}","{'objectid': 1311, 'xid': 1311}"
"{'paths': [[[644070.5999999996, 4123842.8000000007], [644378.7000000002, 4122731.5], [644102.9000000004, 4121171.8000000007]]], 'type': 'polyline', 'spatialReference': {'wkid': 26912}}","{'objectid': 1312, 'xid': 1312}"
"{'paths': [[[270288.5, 4125747.5], [270734.2000000002, 4124237.5], [271866.2999999998, 4121600.5], [272066.9000000004, 4121099.5]]], 'type': 'polyline', 'spatialReference': {'wkid': 26912}}","{'objectid': 1313, 'xid': 1313}"
"{'paths': [[[644102.9000000004, 4121171.8000000007], [644078.4000000004, 4121061]]], 'type': 'polyline', 'spatialReference': {'wkid': 26912}}","{'objectid': 1314, 'xid': 1314}"
"{'paths': [[[272066.9000000004, 4121099.5], [272221.5, 4120677.5]]], 'type': 'polyline', 'spatialReference': {'wkid': 26912}}","{'objectid': 1315, 'xid': 1315}"
"{'paths': [[[643951.7000000002, 4120350.8000000007], [644066.7000000002, 4120990.8000000007]]], 'type': 'polyline', 'spatialReference': {'wkid': 26912}}","{'objectid': 1316, 'xid': 1316}"
"{'paths': [[[643785.2000000002, 4119399.3000000007], [643916.5999999996, 4120150.8000000007]]], 'type': 'polyline', 'spatialReference': {'wkid': 26912}}","{'objectid': 1317, 'xid': 1317}"
"{'paths': [[[646988.2000000002, 4119259.5], [651036.0999999996, 4119419.8000000007], [651047.2000000002, 4119405.5]]], 'type': 'polyline', 'spatialReference': {'wkid': 26912}}","{'objectid': 1318, 'xid': 1318}"
"{'paths': [[[417964.5, 4119162.8000000007], [417952.4000000004, 4120425], [418571.7999999998, 4121405.5], [418542.5, 4121946.3000000007], [418678.9000000004, 4122192.3000000007]]], 'type': 'polyline', 'spatialReference': {'wkid': 26912}}","{'objectid': 1319, 'xid': 1319}"
"{'paths': [[[644137.5, 4119153.8000000007], [646988.2000000002, 4119259.5]]], 'type': 'polyline', 'spatialReference': {'wkid': 26912}}","{'objectid': 1320, 'xid': 1320}"
"{'paths': [[[643754.2999999998, 4119143], [644137.5, 4119153.8000000007]]], 'type': 'polyline', 'spatialReference': {'wkid': 26912}}","{'objectid': 1321, 'xid': 1321}"
"{'paths': [[[413970.2000000002, 4113936.3000000007], [414172, 4116726], [414626.5999999996, 4117205.5], [416497.7000000002, 4118036], [416851.7999999998, 4119126.3000000007], [417255.5, 4119356], [418543.5, 4121414.3000000007], [418521.4000000004, 4121651]]], 'type': 'polyline', 'spatialReference': {'wkid': 26912}}","{'objectid': 1322, 'xid': 1322}"
"{'paths': [[[413970.2000000002, 4113936.3000000007], [414002.7000000002, 4113940.5], [414002.4000000004, 4113905.5], [413979.2999999998, 4113905.3000000007]]], 'type': 'polyline', 'spatialReference': {'wkid': 26912}}","{'objectid': 1323, 'xid': 1323}"
"{'paths': [[[413979.2999999998, 4113905.3000000007], [413958.2999999998, 4113904.3000000007], [413970.2000000002, 4113936.3000000007]]], 'type': 'polyline', 'spatialReference': {'wkid': 26912}}","{'objectid': 1324, 'xid': 1324}"
"{'paths': [[[599853.7999999998, 4111155], [601535.7999999998, 4112901.8000000007], [601156.4000000004, 4117014.3000000007], [601341, 4117488.5], [603004.4000000004, 4118968.5], [604325.7999999998, 4119751], [605439.7999999998, 4121291.8000000007], [608344.5, 4122548.3000000007], [609780.0999999996, 4123324.5]]], 'type': 'polyline', 'spatialReference': {'wkid': 26912}}","{'objectid': 1325, 'xid': 1325}"
"{'paths': [[[599287.9000000004, 4110116], [599312.4000000004, 4110577.8000000007], [599853.7999999998, 4111155]]], 'type': 'polyline', 'spatialReference': {'wkid': 26912}}","{'objectid': 1326, 'xid': 1326}"
"{'paths': [[[642110.9000000004, 4109936.8000000007], [643736.7000000002, 4119103]]], 'type': 'polyline', 'spatialReference': {'wkid': 26912}}","{'objectid': 1327, 'xid': 1327}"
"{'paths': [[[422215.2000000002, 4109910.5], [419349.7999999998, 4111126.3000000007], [418644.7000000002, 4113478.8000000007], [418126.7000000002, 4113565.8000000007], [417014.7999999998, 4114449.5], [417052.2000000002, 4116248], [417470.7999999998, 4117840.3000000007], [417978.2999999998, 4118014.8000000007], [417978.7999999998, 4118138]]], 'type': 'polyline', 'spatialReference': {'wkid': 26912}}","{'objectid': 1328, 'xid': 1328}"
"{'paths': [[[413123.7999999998, 4109185], [413218.0999999996, 4110108], [413803.2999999998, 4112460.8000000007], [413860.0999999996, 4112778.8000000007], [414129.7000000002, 4112976.8000000007], [414181.5999999996, 4113540], [414079, 4113710], [413983.0999999996, 4113810.8000000007], [413979.2999999998, 4113905.3000000007]]], 'type': 'polyline', 'spatialReference': {'wkid': 26912}}","{'objectid': 1329, 'xid': 1329}"
"{'paths': [[[424194.0999999996, 4109079], [422215.2000000002, 4109910.5]]], 'type': 'polyline', 'spatialReference': {'wkid': 26912}}","{'objectid': 1330, 'xid': 1330}"
"{'paths': [[[424194.0999999996, 4109079], [424356.0999999996, 4109004], [427432.5, 4108823.3000000007], [433297.4000000004, 4107098]]], 'type': 'polyline', 'spatialReference': {'wkid': 26912}}","{'objectid': 1331, 'xid': 1331}"
"{'paths': [[[642110.9000000004, 4109936.8000000007], [641310.9000000004, 4105481.3000000007], [641461.9000000004, 4102338.5]]], 'type': 'polyline', 'spatialReference': {'wkid': 26912}}","{'objectid': 1332, 'xid': 1332}"
"{'paths': [[[413123.7999999998, 4109185], [413036.5999999996, 4108279.3000000007], [412270.2000000002, 4105121.8000000007], [412279.4000000004, 4105087], [418896.9000000004, 4102708.8000000007], [422137.7999999998, 4101519.8000000007]]], 'type': 'polyline', 'spatialReference': {'wkid': 26912}}","{'objectid': 1333, 'xid': 1333}"
"{'paths': [[[411063.2000000002, 4105447.3000000007], [412359.5, 4104965.5], [413351.7000000002, 4104641.3000000007], [414274.2999999998, 4104264.8000000007], [415269.5, 4103889.3000000007], [416791.5, 4103271.3000000007], [419354.7000000002, 4102269.3000000007], [420844, 4101658], [422136.5999999996, 4101391.3000000007]]], 'type': 'polyline', 'spatialReference': {'wkid': 26912}}","{'objectid': 1334, 'xid': 1334}"
"{'paths': [[[255372.7000000002, 4103742.3000000007], [254569, 4104180.3000000007], [253523.09999999963, 4104228.5], [252409, 4104240.8000000007], [252097.40000000037, 4103737.8000000007], [250640.5, 4101711.3000000007], [249948.7000000002, 4100581.8000000007], [249270.7000000002, 4099965.5], [247608, 4099288.3000000007], [245355.7999999998, 4099472.8000000007], [244946.40000000037, 4099552.8000000007], [244547.7000000002, 4099448.3000000007], [244093.5, 4098768.5]]], 'type': 'polyline', 'spatialReference': {'wkid': 26912}}","{'objectid': 1335, 'xid': 1335}"
"{'paths': [[[244093.5, 4098768.5], [244074.2000000002, 4098737.3000000007]]], 'type': 'polyline', 'spatialReference': {'wkid': 26912}}","{'objectid': 1336, 'xid': 1336}"
"{'paths': [[[255372.7000000002, 4103742.3000000007], [261797.90000000037, 4100257.8000000007], [262619.2000000002, 4098197.3000000007]]], 'type': 'polyline', 'spatialReference': {'wkid': 26912}}","{'objectid': 1337, 'xid': 1337}"
"{'paths': [[[411063.2000000002, 4105447.3000000007], [410124.4000000004, 4105805], [409035.5999999996, 4105515], [402248.5, 4099098.5], [399863.7000000002, 4097954]]], 'type': 'polyline', 'spatialReference': {'wkid': 26912}}","{'objectid': 1338, 'xid': 1338}"
"{'paths': [[[641461.9000000004, 4102338.5], [641606.5, 4099132], [641658.5999999996, 4097601.8000000007]]], 'type': 'polyline', 'spatialReference': {'wkid': 26912}}","{'objectid': 1339, 'xid': 1339}"
"{'paths': [[[422137.7999999998, 4101519.8000000007], [424537.9000000004, 4100670.8000000007], [433221.7999999998, 4097534]]], 'type': 'polyline', 'spatialReference': {'wkid': 26912}}","{'objectid': 1340, 'xid': 1340}"
"{'paths': [[[422136.5999999996, 4101391.3000000007], [422761.5999999996, 4101260.3000000007], [424565.7999999998, 4100527], [433220.9000000004, 4097417.3000000007]]], 'type': 'polyline', 'spatialReference': {'wkid': 26912}}","{'objectid': 1341, 'xid': 1341}"
"{'paths': [[[394816.7000000002, 4095523.8000000007], [399863.7000000002, 4097954]]], 'type': 'polyline', 'spatialReference': {'wkid': 26912}}","{'objectid': 1342, 'xid': 1342}"
"{'paths': [[[439539.2999999998, 4095086.5], [437574.7000000002, 4095843.5], [433220.9000000004, 4097417.3000000007]]], 'type': 'polyline', 'spatialReference': {'wkid': 26912}}","{'objectid': 1343, 'xid': 1343}"
"{'paths': [[[440088.5, 4095082.5], [437688.7000000002, 4095928], [433221.7999999998, 4097534]]], 'type': 'polyline', 'spatialReference': {'wkid': 26912}}","{'objectid': 1344, 'xid': 1344}"
"{'paths': [[[433297.4000000004, 4107098], [435978.7000000002, 4106313.8000000007], [439623.7999999998, 4103404], [439870.5999999996, 4103102.3000000007], [440471.7000000002, 4102364], [443101.9000000004, 4095061.8000000007]]], 'type': 'polyline', 'spatialReference': {'wkid': 26912}}","{'objectid': 1345, 'xid': 1345}"
